context_id,device,dataset,best_accuracy_mean,best_accuracy_std,best_latency_mean,best_latency_std,hv_mean,hv_std,igd_plus_mean,igd_plus_std,spacing_mean,spacing_std,c_metric_mean,c_metric_std,runtime_mean,runtime_std,evaluations_mean,evaluations_std,hv_median,hv_iqr,igd_plus_median,igd_plus_iqr,spacing_median,spacing_iqr,runtime_median,runtime_iqr
1,edgegpu,cifar10,94.37334,0,0.50138474,0,0.9996307878,0.0003820889813,0.006878707893,0.00728126764,15.82549556,0.5230580254,0.3466666667,0.03771236166,0.5838944967,0.03001323831,16338.3,72.27316238,0.9998207525,0.0003619115374,0.003598739433,0.007403755433,15.88264908,0.6832164579,0.5845936,0.0415935
2,edgetpu,cifar10,94.37334,0,0.347894121,0.002445532734,0.9965700774,0.003393655678,0.005153483034,0.005189677215,0.5856082109,0.03296425647,0.2482758621,0.04744774124,0.6562409667,0.04706202815,16343.93333,92.50727299,0.9977508656,0.001958227359,0.003888854259,0.005035177898,0.5841502797,0.04109811855,0.6562364,0.0416184
3,eyeriss,cifar10,94.37334,0,1.67954,0,0.99845438,0.00107098871,0.01441025098,0.009294036896,0.7462688374,0.01909726975,0,0,0.4816265933,0.02878193574,16440.4,63.59486352,0.9987809045,0.001664374692,0.01289217647,0.01372564706,0.7410968753,0.02747123389,0.4758409,0.0395302
4,fpga,cifar10,94.37334,0,1.13296,0,0.9979224339,0.001205837306,0.0157687,0.00803942655,0.7315096384,0.03883721735,0,0,0.48018304,0.03065489363,16251.1,79.93678753,0.9979823768,0.001204835855,0.01526213333,0.007333333333,0.733522126,0.07227929051,0.47604085,0.045664
5,pixel3,cifar10,94.37334,0,0.003277124333,1.423478564e-06,0.999586339,0.0001515671322,0.03169762805,0.01088433775,12.00721336,0.3845973995,0.02248062016,0.004174546362,0.7868871167,0.05057979598,16102,67.74265028,0.9995972609,0.0001976683622,0.03160737356,0.01699965346,12.025367,0.5676383144,0.7858908,0.0835935
6,raspi4,cifar10,94.37334,0,0.01128438533,3.312614006e-06,0.9994934235,0.000175897547,0.04660063385,0.01548815106,12.75373559,0.3989532093,0.1,0.01578947368,0.73373006,0.04348933554,16058.86667,64.01496353,0.9994733586,0.0002060822838,0.04516345232,0.02054977035,12.82090553,0.4842325259,0.72384835,0.0436258
7,edgegpu,cifar100,73.513336,0,0.5058527,0,0.9997892686,0.0002685763239,0.003880511667,0.004643865681,13.10239443,0.6420234135,0.3516666667,0.03760171391,0.5788364133,0.04142310358,16299.1,63.23097869,0.9998311487,0.0001385077355,0.003635175,0.002924915,13.00123737,1.094708156,0.57612445,0.0555039
8,edgetpu,cifar100,73.513336,0,0.35493976,0,0.9979467741,0.001506118145,0.003758711237,0.001932351141,0.7518114157,0.06293928751,0.3962962963,0.04115946439,0.6592948433,0.03795090952,16003.4,78.85962211,0.9983611794,0.0008492281015,0.003630821667,0.0024410625,0.7432253448,0.09117488653,0.6619623,0.0426199
9,eyeriss,cifar100,73.513336,0,1.68256,0,0.9979109958,0.001622864684,0.03332893939,0.01474476024,1.471254874,0.027070339,0,0,0.48279029,0.01570562091,16571.53333,86.26846984,0.9984384866,0.001538746204,0.03224266667,0.02639250497,1.468219197,0.03383179637,0.47959955,0.0229303
10,fpga,cifar100,73.513336,0,1.13296,0,0.9965974078,0.002147749068,0.03488931481,0.01605720839,1.359155962,0.06396703322,0,0,0.5195419933,0.0264945753,16320.46667,73.1627106,0.9968710608,0.003563779138,0.03512972222,0.02753333333,1.359553352,0.07748748126,0.5148051,0.0332897
11,pixel3,cifar100,73.513336,0,0.0087526,0,0.9982143333,0.001636616977,0.09097282085,0.03217409844,10.94144469,0.5573131319,0.02857142857,0,0.6619874367,0.04215781774,16051,58.7559926,0.9990437733,0.002758151125,0.08889045972,0.04919186962,10.8224919,0.8965771089,0.6502139,0.076051
12,raspi4,cifar100,73.513336,0,0.01522027733,2.69114636e-05,0.999125637,0.0005055986256,0.05735110313,0.02331159845,9.620283882,0.3903423339,0.1384615385,0.02441513993,0.7178673867,0.04174813139,16040.76667,57.03080065,0.9990941783,0.0007122064781,0.05938631259,0.03708491904,9.552934165,0.4572619352,0.7135911,0.0591684
13,edgegpu,ImageNet16-120,47.24814733,0.1407888027,0.5339576277,2.653629711e-05,0.9986972619,0.0008252472198,0.02047740812,0.009942055104,5.10554809,0.2769759546,0.3516129032,0.03757291443,0.6385345333,0.0339258219,16305.76667,84.82793696,0.9989048936,0.001382693788,0.02104518387,0.0181494455,5.121897745,0.4149249157,0.6364049,0.0325942
14,edgetpu,ImageNet16-120,47.28592493,0.09423389073,0.358392626,0.0003729306125,0.9964532474,0.002845543724,0.005164638989,0.004804099284,1.092331025,0.06337798285,0.2573643411,0.03173564262,0.6280269267,0.0480210682,16104,155.6481074,0.9966679519,0.002367872283,0.00436216814,0.003596254419,1.079983428,0.09842246103,0.6262529,0.0715291
15,eyeriss,ImageNet16-120,47.31111,0,0.42304,0,0.9988158062,0.001669438473,0.007100249901,0.007621175385,1.602724185,0.02689215801,0,0,0.4666390267,0.02010157477,16491.1,64.5209785,0.9998424557,0.002402528365,0.00370375,0.01536,1.603565208,0.00490140427,0.4610396,0.0323235
16,fpga,ImageNet16-120,47.29851747,0.06781286734,0.28432,0,0.9967456244,0.00269470601,0.01636872922,0.01190437415,1.380302244,0.03935258743,0,0,0.5184684567,0.02009606251,16214.16667,81.16078007,0.9972474709,0.002672913033,0.01424311765,0.01079829412,1.37500037,0.05609371154,0.51719465,0.021881
17,pixel3,ImageNet16-120,47.31111,0,0.005330638667,0.0001083554828,0.9986085927,0.0008546994062,0.02367831761,0.007331340703,4.363112094,0.1313770567,0,0,0.7596249833,0.05370141241,15989.16667,96.11454393,0.9987077252,0.000568552899,0.02250477048,0.008559385299,4.345444646,0.173590111,0.74448375,0.0793155
18,raspi4,ImageNet16-120,47.28592493,0.09423389073,0.01151467,1.94537914e-06,0.9974861091,0.000899613127,0.02897090472,0.01221371099,3.926782504,0.09654866685,0.2339506173,0.04472221157,0.8395635333,0.05252134034,16113,83.7524129,0.9976249412,0.0008185412776,0.02858982917,0.009845027039,3.879256489,0.1186331731,0.836678,0.0576834
