run_id,context_id,device,dataset,best_accuracy,best_latency,hv,igd_plus,c_metric,runtime_sec
1,1,edgegpu,cifar10,94.13,1.7827368,0.7755852388,0.3586142234,0,0.01211719995
1,2,edgetpu,cifar10,94.09,0.35348138,0.8325970081,0.1201346092,0,0.01551490009
1,3,eyeriss,cifar10,93.61667,2.41682,0.8680107861,0.3195047284,0,0.0122462
1,4,fpga,cifar10,93.82,1.13296,0.8596717281,0.3816795252,0,0.01260939997
1,5,pixel3,cifar10,93.81,0.0305462,0.9274345047,0.2287197813,0,0.02728219994
1,6,raspi4,cifar10,94.21667,2.8482394,0.9273539738,0.6901972347,0,0.01392699999
1,7,edgegpu,cifar100,72.84,0.6056547,0.805665215,0.5216736566,0,0.01455269998
1,8,edgetpu,cifar100,73.07333,0.44185477,0.7396430212,0.1147296401,0,0.01345480001
1,9,eyeriss,cifar100,71.18,1.68256,0.8429810173,0.8133023524,0,0.01150830009
1,10,fpga,cifar100,72.99333,1.13296,0.8213513519,0.2457890284,0,0.01454540004
1,11,pixel3,cifar100,73,1.805,0.9039265631,0.3164264814,0,0.01213639998
1,12,raspi4,cifar100,70.78,2.786575,0.9211304873,0.9628373788,0,0.01228649996
1,13,edgegpu,ImageNet16-120,46.766666,0.605073,0.7548513756,0.2924608822,0,0.0129471001
1,14,edgetpu,ImageNet16-120,46.533333,0.37692583,0.7271476098,0.1091677183,0,0.01300599996
1,15,eyeriss,ImageNet16-120,45.433334,0.42304,0.8634097531,0.755235603,0,0.01081659994
1,16,fpga,ImageNet16-120,45.666668,0.38672,0.8294040285,0.4158415887,0,0.01292979997
1,17,pixel3,ImageNet16-120,45.744446,0.620592,0.8049237168,0.5263671194,0,0.01338849997
1,18,raspi4,ImageNet16-120,46.1,1.5801815,0.737753374,0.2941231318,0,0.01598330005
2,1,edgegpu,cifar10,93.94,0.5417824,0.8312122676,0.0811883,0,0.01685719995
2,2,edgetpu,cifar10,94.30666,0.37091288,0.737504473,0.07529752763,0,0.01266390004
2,3,eyeriss,cifar10,93.53,1.9253,0.9445262437,0.2135776923,0,0.01118359994
2,4,fpga,cifar10,93.70333,1.13296,0.8909388795,0.2218364615,0,0.01048230007
2,5,pixel3,cifar10,93.55,1.47625,0.9268748031,0.2903297832,0,0.01168639993
2,6,raspi4,cifar10,94.045,2.5425239,0.9322451755,0.5068263002,0,0.0137777999
2,7,edgegpu,cifar100,72.06,0.6072998,0.7597190776,0.8347170968,0,0.01208599994
2,8,edgetpu,cifar100,73.09333,0.39578012,0.7858180465,0.1056239372,0,0.01179129991
2,9,eyeriss,cifar100,73.07333,2.41984,0.7841974111,0.1479915789,0,0.01279260009
2,10,fpga,cifar100,72.1,1.13296,0.8059330381,0.4090255309,0,0.01230810001
2,11,pixel3,cifar100,71.96,1.47684,0.9030040805,0.7478592061,0,0.01181649999
2,12,raspi4,cifar100,72.09333,0.1960396,0.9365963199,0.3405164329,0,0.01240789995
2,13,edgegpu,ImageNet16-120,46.47778,0.5455589,0.7618826392,0.6667776636,0,0.01156390004
2,14,edgetpu,ImageNet16-120,46.933334,0.36153394,0.7875868445,0.07024906577,0,0.0146775
2,15,eyeriss,ImageNet16-120,46.55,0.42304,0.837055909,0.3615621294,0,0.01318640006
2,16,fpga,ImageNet16-120,45.866665,0.28432,0.8213424523,0.4622653627,0,0.02750760003
2,17,pixel3,ImageNet16-120,45.433334,0.00589803,0.7956098224,0.5644808958,0,0.0201347
2,18,raspi4,ImageNet16-120,45.91111,0.0121875405,0.7352722331,0.3438400891,0,0.01668100001
3,1,edgegpu,cifar10,93.94,0.56295395,0.8297654941,0.2086979778,0,0.01224040007
3,2,edgetpu,cifar10,94.363335,0.37578243,0.7360566368,0.1175459206,0,0.01277650008
3,3,eyeriss,cifar10,94.22,1.9253,0.9444692425,0.225031877,0,0.04958759993
3,4,fpga,cifar10,94.09,1.13296,0.8820155305,0.3548214038,0,0.01281670004
3,5,pixel3,cifar10,93.28,1.25439,0.9330012893,0.3526518022,0,0.01443540002
3,6,raspi4,cifar10,94.16,0.01200234,0.9338108216,0.3456073404,0,0.01650380006
3,7,edgegpu,cifar100,73,0.553565,0.8077406389,0.3226434251,0,0.01166269998
3,8,edgetpu,cifar100,73.14,0.35933048,0.8055123145,0.07472703001,0,0.01213529997
3,9,eyeriss,cifar100,72.36,1.68256,0.8792921122,0.4215991746,0,0.01141949999
3,10,fpga,cifar100,72.88,1.13296,0.8132809445,0.3138653394,0,0.01252330001
3,11,pixel3,cifar100,70.04667,0.00904683,0.8953162016,0.9616657271,0,0.01516750001
3,12,raspi4,cifar100,70.5,0.01630522,0.9207053011,0.4067939874,0,0.01573580003
3,13,edgegpu,ImageNet16-120,47.033333,1.5558767,0.757370699,0.573019118,0,0.01448619994
3,14,edgetpu,ImageNet16-120,46.933334,0.36039636,0.786372398,0.07401958618,0,0.0148019999
3,15,eyeriss,ImageNet16-120,46.533333,0.54592,0.8153467066,0.3729905423,0,0.0103502
3,16,fpga,ImageNet16-120,46.833332,0.28432,0.8487784258,0.11076775,0,0.02440850006
3,17,pixel3,ImageNet16-120,45.9,0.00632505,0.8305424613,0.3749864262,0,0.01438220008
3,18,raspi4,ImageNet16-120,46.666668,0.1854142,0.7734346159,0.2733441345,0,0.0165418
4,1,edgegpu,cifar10,93.98,0.54528713,0.8304894978,0.03829580413,0,0.0123662001
4,2,edgetpu,cifar10,93.88333,0.36105865,0.8248180384,0.1770287819,0,0.01132039994
4,3,eyeriss,cifar10,93.89333,1.67954,0.9788862384,0.3557385856,0,0.01280320005
4,4,fpga,cifar10,93.916664,1.13296,0.8977930745,0.1942941878,0,0.01289479993
4,5,pixel3,cifar10,93.32,1.4799,0.9256476356,0.3715991723,0,0.01418020006
4,6,raspi4,cifar10,93.77,2.8769722,0.9243632606,1.102459679,0,0.01483459992
4,7,edgegpu,cifar100,73.14,1.4331579,0.8014174981,0.3809115162,0,0.01182429993
4,8,edgetpu,cifar100,72.84,0.35493976,0.7970549429,0.1215119442,0,0.01343950001
4,9,eyeriss,cifar100,71.56,1.92832,0.8485144408,0.5741955263,0,0.01397760003
4,10,fpga,cifar100,71.33,1.13296,0.8128254395,0.5755545838,0,0.01690789999
4,11,pixel3,cifar100,72.16,0.063108,0.8902921398,0.4399983232,0,0.01566570008
4,12,raspi4,cifar100,69.26667,0.01569006,0.9128237395,0.50580486,0,0.0155024
4,13,edgegpu,ImageNet16-120,46.6,0.68846226,0.7820594031,0.2438363738,0,0.01257399993
4,14,edgetpu,ImageNet16-120,46.45,0.39844787,0.7689728973,0.1084945818,0,0.01226499991
4,15,eyeriss,ImageNet16-120,47.31111,0.48448,0.8133032938,0.1770291868,0,0.01245890011
4,16,fpga,ImageNet16-120,46.55,0.51792,0.7984838085,0.1843973052,0,0.0132855
4,17,pixel3,ImageNet16-120,47.31111,0.424829,0.8264075305,0.2010624323,0,0.0159152
4,18,raspi4,ImageNet16-120,45.177776,0.01175568,0.7791710774,0.5099606153,0,0.01423849992
5,1,edgegpu,cifar10,93.81,0.5529833,0.8289881733,0.1987720428,0,0.01370400004
5,2,edgetpu,cifar10,94.21,0.36103338,0.8283241715,0.1092577361,0,0.01300889999
5,3,eyeriss,cifar10,93.78,1.67954,0.9799350938,0.3173624646,0,0.01176160004
5,4,fpga,cifar10,93.57,1.54256,0.7757742243,0.3828618462,0,0.01075380004
5,5,pixel3,cifar10,94.01,0.0042304,0.929176359,0.1765665357,0,0.01595090004
5,6,raspi4,cifar10,93.84,0.01166234,0.9264120871,0.5239898933,0,0.01401159994
5,7,edgegpu,cifar100,73.513336,0.5410099,0.8011284157,0.3858132035,0,0.01433250005
5,8,edgetpu,cifar100,72.03333,0.39749977,0.7485293193,0.2625409376,0,0.01184499997
5,9,eyeriss,cifar100,73.14,2.17408,0.7733998119,0.3476581238,0,0.01194190001
5,10,fpga,cifar100,72.28,1.13296,0.8031427189,0.3256968481,0,0.01266210002
5,11,pixel3,cifar100,70.14,0.00924071,0.8981714289,1.093854925,0,0.0158393
5,12,raspi4,cifar100,71,0.01589668,0.9226690315,0.5242880087,0,0.01439579995
5,13,edgegpu,ImageNet16-120,46.45,1.4340639,0.7761087743,0.5261534142,0,0.02215640002
5,14,edgetpu,ImageNet16-120,46.27778,0.36394432,0.7348243709,0.112688892,0,0.01154640003
5,15,eyeriss,ImageNet16-120,46.5,0.42304,0.8662101985,0.3936717625,0,0.01244710002
5,16,fpga,ImageNet16-120,45.466667,0.38672,0.7749412688,0.5290001987,0,0.01350989996
5,17,pixel3,ImageNet16-120,45.583332,0.020846,0.7965609665,0.448183664,0,0.01432179997
5,18,raspi4,ImageNet16-120,46.133335,0.01238162,0.7797699924,0.3001807297,0,0.01443179999
6,1,edgegpu,cifar10,94.08,0.5957651,0.8255559527,0.1756916845,0,0.01280530007
6,2,edgetpu,cifar10,94.29667,0.3556849,0.8373701813,0.0699471731,0,0.01285860001
6,3,eyeriss,cifar10,93.62666,1.67954,0.9785497963,0.3523915385,0,0.01056249999
6,4,fpga,cifar10,93.94,1.54256,0.834529725,0.430403431,0,0.01215970004
6,5,pixel3,cifar10,93.503334,0.00404932,0.9258951739,0.4669338442,0,0.01338120003
6,6,raspi4,cifar10,93.9,2.5479314,0.934830281,0.4416554285,0,0.01628370001
6,7,edgegpu,cifar100,72.64667,1.4402533,0.8119919548,0.3478091156,0,0.01408749993
6,8,edgetpu,cifar100,73.26,0.355595,0.7729020523,0.1089461528,0,0.01357260009
6,9,eyeriss,cifar100,71.22,2.17408,0.8056929185,0.6082893631,0,0.01180029998
6,10,fpga,cifar100,71.18,1.54256,0.7364732684,0.8528522438,0,0.01311260008
6,11,pixel3,cifar100,69.98,0.00959561,0.9001972376,0.6154888788,0,0.01270910003
6,12,raspi4,cifar100,71.56,0.01583894,0.917374195,0.6989009697,0,0.01665520004
6,13,edgegpu,ImageNet16-120,46.766666,0.5522251,0.7805622565,0.3182817826,0,0.01455350011
6,14,edgetpu,ImageNet16-120,45.333332,0.37329328,0.7644285983,0.2328604116,0,0.01233319996
6,15,eyeriss,ImageNet16-120,47.31111,0.60736,0.7594230736,0.2039223948,0,0.01102679991
6,16,fpga,ImageNet16-120,46.27778,0.28432,0.8515561015,0.2160674979,0,0.01232370001
6,17,pixel3,ImageNet16-120,46.833332,0.0367597,0.8081460452,0.4022186314,0,0.01119820005
6,18,raspi4,ImageNet16-120,46.133335,1.0111206,0.7629345884,0.4757152883,0,0.01378010004
7,1,edgegpu,cifar10,93.746666,0.62107086,0.8283300369,0.3112445941,0,0.01184649998
7,2,edgetpu,cifar10,94.34333,0.36503294,0.7557138794,0.06789394055,0,0.01097329997
7,3,eyeriss,cifar10,93.51,1.67954,0.9787318922,0.3120280769,0,0.01130359992
7,4,fpga,cifar10,94.37334,1.13296,0.8783534427,0.2852357118,0,0.01488330006
7,5,pixel3,cifar10,93.13,1.71202,0.9136216171,0.5292909198,0,0.01480100001
7,6,raspi4,cifar10,93.11,0.01165162,0.9273834854,0.3380152512,0,0.01776409999
7,7,edgegpu,cifar100,72.4,0.6072998,0.7674941631,0.4286695242,0,0.01459499996
7,8,edgetpu,cifar100,73.09333,0.4315517,0.7403836302,0.1300966252,0,0.01277839998
7,9,eyeriss,cifar100,72.74,1.92832,0.8498305285,0.2622827356,0,0.01120129996
7,10,fpga,cifar100,72.74,1.13296,0.7974591211,0.2952828134,0,0.01266180002
7,11,pixel3,cifar100,70.64,1.56092,0.8992885854,0.7768024096,0,0.01223600004
7,12,raspi4,cifar100,69.46667,0.0159997,0.913630823,0.5610155429,0,0.01357959991
7,13,edgegpu,ImageNet16-120,47.033333,1.4392424,0.7802851654,0.425418166,0,0.01272659993
7,14,edgetpu,ImageNet16-120,46.766666,0.36069438,0.7854233255,0.07374071084,0,0.01142929995
7,15,eyeriss,ImageNet16-120,47.31111,0.48448,0.8631308428,0.06866823529,0,0.01462080004
7,16,fpga,ImageNet16-120,45.666668,0.38672,0.7974604957,0.4873267139,0,0.01442530006
7,17,pixel3,ImageNet16-120,47.31111,0.00576638,0.7945083227,0.4557388904,0,0.01416629995
7,18,raspi4,ImageNet16-120,45.31111,0.01265018,0.7427668056,0.3675596272,0,0.01438029995
8,1,edgegpu,cifar10,93.98,0.5481529,0.8244841853,0.5378448387,0,0.01178459998
8,2,edgetpu,cifar10,94.11,0.3977267,0.8110980267,0.1679273047,0,0.01546040003
8,3,eyeriss,cifar10,93.49,1.67954,0.9428623705,0.3269680032,0,0.01319610002
8,4,fpga,cifar10,94.085,1.54256,0.8517377239,0.3485327739,0,0.0136512001
8,5,pixel3,cifar10,93.39,1.47268,0.925566259,0.3988554887,0,0.0129519999
8,6,raspi4,cifar10,93.82,0.01180604,0.9309308814,0.486061087,0,0.01219949999
8,7,edgegpu,cifar100,72.64667,1.751585,0.7616303364,0.7227795751,0,0.01014489995
8,8,edgetpu,cifar100,73.166664,0.355341,0.7992659267,0.07002522333,0,0.0125675
8,9,eyeriss,cifar100,71.18,1.68256,0.8726919226,0.742339887,0,0.01238850004
8,10,fpga,cifar100,70.36,1.13296,0.8000305506,0.8882436414,0,0.01120449998
8,11,pixel3,cifar100,72.5,1.70522,0.9103304844,0.3922799997,0,0.01427050005
8,12,raspi4,cifar100,69.58,0.01569932,0.9164970229,0.3725210667,0,0.02186779992
8,13,edgegpu,ImageNet16-120,46.766666,0.6895113,0.7588425798,0.1860763726,0,0.01320599997
8,14,edgetpu,ImageNet16-120,46.5,0.36772293,0.7896172425,0.1114095524,0,0.0160398999
8,15,eyeriss,ImageNet16-120,47.033333,0.42304,0.8953360108,0.1340275294,0,0.0108067001
8,16,fpga,ImageNet16-120,46.933334,0.41552,0.7973019531,0.1430451802,0,0.0138203
8,17,pixel3,ImageNet16-120,45.055557,0.00554073,0.810890111,0.5300061494,0,0.01366129995
8,18,raspi4,ImageNet16-120,45.577778,1.5821913,0.7260374038,0.5542974287,0,0.02252769994
9,1,edgegpu,cifar10,94.13,1.4338923,0.8312833657,0.2476100973,0,0.01283240004
9,2,edgetpu,cifar10,94.34333,0.35422996,0.839114675,0.04658022987,0,0.01411739993
9,3,eyeriss,cifar10,93.89667,1.9253,0.9406965994,0.1914482215,0,0.01094459998
9,4,fpga,cifar10,94.16,1.13296,0.9036197044,0.1510672308,0,0.01355080004
9,5,pixel3,cifar10,93.723335,1.31079,0.9292155426,0.5688793837,0,0.01388930005
9,6,raspi4,cifar10,93.933334,2.5696998,0.9322180197,0.5325755497,0,0.01486560004
9,7,edgegpu,cifar100,73.513336,0.54183483,0.7706109609,0.2669926278,0,0.01177520002
9,8,edgetpu,cifar100,73.513336,0.35783362,0.8034914487,0.06670974518,0,0.01357249997
9,9,eyeriss,cifar100,72.74,1.68256,0.8610269362,0.1600972304,0,0.01231389993
9,10,fpga,cifar100,72.14,1.64816,0.76070425,0.4067573974,0,0.01271819999
9,11,pixel3,cifar100,70.68667,2.30335,0.8791788732,0.915545712,0,0.01254569995
9,12,raspi4,cifar100,70.92667,4.798827,0.9032955356,1.266444593,0,0.01391009998
9,13,edgegpu,ImageNet16-120,45.822224,0.5568695,0.758543238,0.7231579395,0,0.01418659999
9,14,edgetpu,ImageNet16-120,47.033333,0.3744499,0.8138830374,0.03090010667,0,0.01187030005
9,15,eyeriss,ImageNet16-120,46.58889,0.60736,0.7849800395,0.3269874654,0,0.01438030007
9,16,fpga,ImageNet16-120,46.58889,0.28432,0.8509358733,0.1549692906,0,0.01294779999
9,17,pixel3,ImageNet16-120,44.7,0.00631573,0.8182193799,0.6253075615,0,0.01604820008
9,18,raspi4,ImageNet16-120,44.866665,0.0119809,0.7744473443,0.5635549755,0,0.01680589991
10,1,edgegpu,cifar10,93.98,0.54374695,0.6052665218,0.5817940244,0,0.01142150001
10,2,edgetpu,cifar10,93.97,0.39156643,0.7890504827,0.1543521416,0,0.01345540001
10,3,eyeriss,cifar10,93.88333,1.67954,0.9809419634,0.1882407692,0,0.012705
10,4,fpga,cifar10,93.916664,1.13296,0.9028994119,0.1119701538,0,0.01605690003
10,5,pixel3,cifar10,93.645,0.00403139,0.9397058567,0.3050950893,0,0.01656749996
10,6,raspi4,cifar10,93.916664,2.7731495,0.9298599782,0.4790835078,0,0.01226280001
10,7,edgegpu,cifar100,72.74,1.5571737,0.7994035966,0.2785693966,0,0.01236679999
10,8,edgetpu,cifar100,73.14,0.44067922,0.7526652632,0.08440172685,0,0.01457250002
10,9,eyeriss,cifar100,72.746666,1.92832,0.8544117286,0.2677637858,0,0.01378559996
10,10,fpga,cifar100,71.68,1.54256,0.728557682,0.4759639033,0,0.01432640001
10,11,pixel3,cifar100,71.22667,2.20599,0.8886033908,0.7301516208,0,0.01599770004
10,12,raspi4,cifar100,69.113335,0.01524302,0.9137263888,0.4663258665,0,0.01406750001
10,13,edgegpu,ImageNet16-120,45.733334,0.5509949,0.7234921638,1.062223427,0,0.01260690007
10,14,edgetpu,ImageNet16-120,47.033333,0.3602526,0.8130782752,0.0361885963,0,0.01259439997
10,15,eyeriss,ImageNet16-120,47.31111,0.54592,0.8276356745,0.08673882353,0,0.01264169998
10,16,fpga,ImageNet16-120,45.966667,0.38672,0.7797372236,0.3876692324,0,0.0145242
10,17,pixel3,ImageNet16-120,46.6,1.00001,0.7594223303,0.3962828789,0,0.01677380002
10,18,raspi4,ImageNet16-120,46.1,1.5545676,0.7299820402,0.5984950508,0,0.01667719998
