idx,accuracy,speed,rank,crowding_distance,architecture
0,72.42,32.2471576952118,0,inf,"{""benchmark_genotype"": [4, 3, 2, 1, 3, 3], ""arch_id"": 10476, ""architecture_details"": ""|avg_pool_3x3~0|+|nor_conv_3x3~0|nor_conv_1x1~1|+|skip_connect~0|nor_conv_3x3~1|nor_conv_3x3~2|""}"
1,68.793335,27.598045506417236,2,inf,"{""benchmark_genotype"": [4, 2, 2, 3, 3, 1], ""arch_id"": 1824, ""architecture_details"": ""|avg_pool_3x3~0|+|nor_conv_1x1~0|nor_conv_1x1~1|+|nor_conv_3x3~0|nor_conv_3x3~1|skip_connect~2|""}"
2,65.27333,39.46785491221856,2,0.39614918962676715,"{""benchmark_genotype"": [0, 4, 3, 2, 0, 2], ""arch_id"": 409, ""architecture_details"": ""|none~0|+|avg_pool_3x3~0|nor_conv_3x3~1|+|nor_conv_1x1~0|none~1|nor_conv_1x1~2|""}"
3,66.82,29.82077549910771,3,0.6170844257333048,"{""benchmark_genotype"": [4, 4, 2, 2, 2, 3], ""arch_id"": 12149, ""architecture_details"": ""|avg_pool_3x3~0|+|avg_pool_3x3~0|nor_conv_1x1~1|+|nor_conv_1x1~0|nor_conv_1x1~1|nor_conv_3x3~2|""}"
4,58.4,39.05529155263335,3,inf,"{""benchmark_genotype"": [0, 0, 1, 1, 3, 2], ""arch_id"": 4506, ""architecture_details"": ""|none~0|+|none~0|skip_connect~1|+|skip_connect~0|nor_conv_3x3~1|nor_conv_1x1~2|""}"
5,60.606667,31.99262889830183,5,2.0,"{""benchmark_genotype"": [2, 1, 2, 4, 4, 4], ""arch_id"": 4012, ""architecture_details"": ""|nor_conv_1x1~0|+|skip_connect~0|nor_conv_1x1~1|+|avg_pool_3x3~0|avg_pool_3x3~1|avg_pool_3x3~2|""}"
6,59.01,43.153495169872436,2,0.9384141146367498,"{""benchmark_genotype"": [3, 4, 0, 1, 1, 1], ""arch_id"": 3657, ""architecture_details"": ""|nor_conv_3x3~0|+|avg_pool_3x3~0|none~1|+|skip_connect~0|skip_connect~1|skip_connect~2|""}"
7,58.106667,77.91614819963053,0,inf,"{""benchmark_genotype"": [1, 4, 1, 0, 1, 0], ""arch_id"": 2286, ""architecture_details"": ""|skip_connect~0|+|avg_pool_3x3~0|skip_connect~1|+|none~0|skip_connect~1|none~2|""}"
8,68.06,27.145261883438977,3,0.43630116439586625,"{""benchmark_genotype"": [2, 2, 2, 4, 2, 3], ""arch_id"": 12066, ""architecture_details"": ""|nor_conv_1x1~0|+|nor_conv_1x1~0|nor_conv_1x1~1|+|avg_pool_3x3~0|nor_conv_1x1~1|nor_conv_3x3~2|""}"
9,67.973335,38.36254833201558,1,0.5960004677416408,"{""benchmark_genotype"": [3, 0, 2, 4, 0, 3], ""arch_id"": 1679, ""architecture_details"": ""|nor_conv_3x3~0|+|none~0|nor_conv_1x1~1|+|avg_pool_3x3~0|none~1|nor_conv_3x3~2|""}"
10,66.9,42.93456921921983,1,1.3152491586325317,"{""benchmark_genotype"": [2, 3, 2, 3, 4, 0], ""arch_id"": 11087, ""architecture_details"": ""|nor_conv_1x1~0|+|nor_conv_3x3~0|nor_conv_1x1~1|+|nor_conv_3x3~0|avg_pool_3x3~1|none~2|""}"
11,68.8,35.82379778469216,1,0.3886066986417612,"{""benchmark_genotype"": [4, 2, 1, 2, 0, 3], ""arch_id"": 12135, ""architecture_details"": ""|avg_pool_3x3~0|+|nor_conv_1x1~0|skip_connect~1|+|nor_conv_1x1~0|none~1|nor_conv_3x3~2|""}"
12,63.74,28.90082155642918,7,inf,"{""benchmark_genotype"": [4, 3, 2, 2, 4, 1], ""arch_id"": 14617, ""architecture_details"": ""|avg_pool_3x3~0|+|nor_conv_3x3~0|nor_conv_1x1~1|+|nor_conv_1x1~0|avg_pool_3x3~1|skip_connect~2|""}"
13,63.2,40.084867681856025,2,0.6410797329946966,"{""benchmark_genotype"": [2, 1, 0, 4, 3, 4], ""arch_id"": 8935, ""architecture_details"": ""|nor_conv_1x1~0|+|skip_connect~0|none~1|+|avg_pool_3x3~0|nor_conv_3x3~1|avg_pool_3x3~2|""}"
14,67.94,42.45990617209934,1,0.48003818455899405,"{""benchmark_genotype"": [3, 1, 1, 1, 1, 2], ""arch_id"": 1424, ""architecture_details"": ""|nor_conv_3x3~0|+|skip_connect~0|skip_connect~1|+|skip_connect~0|skip_connect~1|nor_conv_1x1~2|""}"
15,65.48,33.690947580979014,3,0.6568236587561159,"{""benchmark_genotype"": [3, 0, 4, 4, 2, 1], ""arch_id"": 9674, ""architecture_details"": ""|nor_conv_3x3~0|+|none~0|avg_pool_3x3~1|+|avg_pool_3x3~0|nor_conv_1x1~1|skip_connect~2|""}"
16,63.873333,30.795319142285692,6,inf,"{""benchmark_genotype"": [1, 2, 2, 2, 4, 1], ""arch_id"": 6912, ""architecture_details"": ""|skip_connect~0|+|nor_conv_1x1~0|nor_conv_1x1~1|+|nor_conv_1x1~0|avg_pool_3x3~1|skip_connect~2|""}"
17,68.78,26.78389262230312,3,inf,"{""benchmark_genotype"": [2, 2, 3, 2, 4, 1], ""arch_id"": 520, ""architecture_details"": ""|nor_conv_1x1~0|+|nor_conv_1x1~0|nor_conv_3x3~1|+|nor_conv_1x1~0|avg_pool_3x3~1|skip_connect~2|""}"
18,67.21333,59.65274822895464,0,1.2039955323050757,"{""benchmark_genotype"": [1, 2, 0, 3, 3, 0], ""arch_id"": 488, ""architecture_details"": ""|skip_connect~0|+|nor_conv_1x1~0|none~1|+|nor_conv_3x3~0|nor_conv_3x3~1|none~2|""}"
19,62.133335,49.16774979122143,1,inf,"{""benchmark_genotype"": [3, 3, 4, 4, 4, 0], ""arch_id"": 1535, ""architecture_details"": ""|nor_conv_3x3~0|+|nor_conv_3x3~0|avg_pool_3x3~1|+|avg_pool_3x3~0|avg_pool_3x3~1|none~2|""}"
20,64.08667,31.831120372835365,5,inf,"{""benchmark_genotype"": [3, 4, 2, 4, 4, 2], ""arch_id"": 3582, ""architecture_details"": ""|nor_conv_3x3~0|+|avg_pool_3x3~0|nor_conv_1x1~1|+|avg_pool_3x3~0|avg_pool_3x3~1|nor_conv_1x1~2|""}"
21,69.36,58.83645612727267,0,0.9638555157287647,"{""benchmark_genotype"": [3, 3, 2, 1, 2, 0], ""arch_id"": 3811, ""architecture_details"": ""|nor_conv_3x3~0|+|nor_conv_3x3~0|nor_conv_1x1~1|+|skip_connect~0|nor_conv_1x1~1|none~2|""}"
22,66.98,37.68663599853851,2,0.4513190110813749,"{""benchmark_genotype"": [3, 3, 1, 0, 0, 1], ""arch_id"": 8279, ""architecture_details"": ""|nor_conv_3x3~0|+|nor_conv_3x3~0|skip_connect~1|+|none~0|none~1|skip_connect~2|""}"
23,69.06,35.10350787072424,1,inf,"{""benchmark_genotype"": [3, 0, 4, 2, 0, 3], ""arch_id"": 9863, ""architecture_details"": ""|nor_conv_3x3~0|+|none~0|avg_pool_3x3~1|+|nor_conv_1x1~0|none~1|nor_conv_3x3~2|""}"
24,56.006668,32.59585217781037,5,inf,"{""benchmark_genotype"": [4, 3, 1, 1, 3, 4], ""arch_id"": 434, ""architecture_details"": ""|avg_pool_3x3~0|+|nor_conv_3x3~0|skip_connect~1|+|skip_connect~0|nor_conv_3x3~1|avg_pool_3x3~2|""}"
25,60.0,29.076106709311624,7,inf,"{""benchmark_genotype"": [4, 2, 2, 4, 2, 4], ""arch_id"": 9195, ""architecture_details"": ""|avg_pool_3x3~0|+|nor_conv_1x1~0|nor_conv_1x1~1|+|avg_pool_3x3~0|nor_conv_1x1~1|avg_pool_3x3~2|""}"
26,62.22,31.605652481312365,6,inf,"{""benchmark_genotype"": [0, 4, 3, 2, 1, 4], ""arch_id"": 3257, ""architecture_details"": ""|none~0|+|avg_pool_3x3~0|nor_conv_3x3~1|+|nor_conv_1x1~0|skip_connect~1|avg_pool_3x3~2|""}"
27,66.54,32.70144869052771,4,inf,"{""benchmark_genotype"": [2, 4, 2, 0, 4, 3], ""arch_id"": 11731, ""architecture_details"": ""|nor_conv_1x1~0|+|avg_pool_3x3~0|nor_conv_1x1~1|+|none~0|avg_pool_3x3~1|nor_conv_3x3~2|""}"
28,66.72,33.13358201191086,3,0.4444759025627849,"{""benchmark_genotype"": [0, 2, 3, 1, 4, 2], ""arch_id"": 10647, ""architecture_details"": ""|none~0|+|nor_conv_1x1~0|nor_conv_3x3~1|+|skip_connect~0|avg_pool_3x3~1|nor_conv_1x1~2|""}"
29,61.62,35.16442710291186,3,1.1192229330413488,"{""benchmark_genotype"": [4, 3, 4, 0, 4, 2], ""arch_id"": 11490, ""architecture_details"": ""|avg_pool_3x3~0|+|nor_conv_3x3~0|avg_pool_3x3~1|+|none~0|avg_pool_3x3~1|nor_conv_1x1~2|""}"
30,54.72,46.39942761666092,2,inf,"{""benchmark_genotype"": [4, 0, 4, 0, 1, 3], ""arch_id"": 8928, ""architecture_details"": ""|avg_pool_3x3~0|+|none~0|avg_pool_3x3~1|+|none~0|skip_connect~1|nor_conv_3x3~2|""}"
31,67.54,34.010609269455514,2,0.665436695736483,"{""benchmark_genotype"": [3, 3, 4, 1, 1, 1], ""arch_id"": 6873, ""architecture_details"": ""|nor_conv_3x3~0|+|nor_conv_3x3~0|avg_pool_3x3~1|+|skip_connect~0|skip_connect~1|skip_connect~2|""}"
32,72.42,32.2471576952118,0,inf,"{""benchmark_genotype"": [4, 3, 2, 1, 3, 3], ""arch_id"": 10476, ""architecture_details"": ""|avg_pool_3x3~0|+|nor_conv_3x3~0|nor_conv_1x1~1|+|skip_connect~0|nor_conv_3x3~1|nor_conv_3x3~2|""}"
33,72.42,32.2471576952118,0,inf,"{""benchmark_genotype"": [4, 3, 2, 1, 3, 3], ""arch_id"": 10476, ""architecture_details"": ""|avg_pool_3x3~0|+|nor_conv_3x3~0|nor_conv_1x1~1|+|skip_connect~0|nor_conv_3x3~1|nor_conv_3x3~2|""}"
34,61.92,100.20891052621954,0,inf,"{""benchmark_genotype"": [0, 4, 3, 2, 0, 0], ""arch_id"": 9067, ""architecture_details"": ""|none~0|+|avg_pool_3x3~0|nor_conv_3x3~1|+|nor_conv_1x1~0|none~1|none~2|""}"
35,69.36,58.83645612727267,0,0.8853291760607884,"{""benchmark_genotype"": [3, 3, 2, 1, 2, 0], ""arch_id"": 3811, ""architecture_details"": ""|nor_conv_3x3~0|+|nor_conv_3x3~0|nor_conv_1x1~1|+|skip_connect~0|nor_conv_1x1~1|none~2|""}"
36,67.21333,59.65274822895464,0,0.5147461684485833,"{""benchmark_genotype"": [1, 2, 0, 3, 3, 0], ""arch_id"": 488, ""architecture_details"": ""|skip_connect~0|+|nor_conv_1x1~0|none~1|+|nor_conv_3x3~0|nor_conv_3x3~1|none~2|""}"
37,67.21333,59.65274822895464,0,0.5999246554906282,"{""benchmark_genotype"": [1, 2, 0, 3, 3, 0], ""arch_id"": 488, ""architecture_details"": ""|skip_connect~0|+|nor_conv_1x1~0|none~1|+|nor_conv_3x3~0|nor_conv_3x3~1|none~2|""}"
38,67.246666,58.93102827366356,0,0.21645581323405516,"{""benchmark_genotype"": [1, 3, 2, 3, 3, 0], ""arch_id"": 13599, ""architecture_details"": ""|skip_connect~0|+|nor_conv_3x3~0|nor_conv_1x1~1|+|nor_conv_3x3~0|nor_conv_3x3~1|none~2|""}"
39,72.28,29.03181088097756,1,inf,"{""benchmark_genotype"": [3, 3, 2, 1, 2, 3], ""arch_id"": 10165, ""architecture_details"": ""|nor_conv_3x3~0|+|nor_conv_3x3~0|nor_conv_1x1~1|+|skip_connect~0|nor_conv_1x1~1|nor_conv_3x3~2|""}"
40,58.106667,77.91614819963053,1,inf,"{""benchmark_genotype"": [1, 4, 1, 0, 1, 0], ""arch_id"": 2286, ""architecture_details"": ""|skip_connect~0|+|avg_pool_3x3~0|skip_connect~1|+|none~0|skip_connect~1|none~2|""}"
41,62.133335,49.16774979122143,1,1.322379572224425,"{""benchmark_genotype"": [3, 3, 4, 4, 4, 0], ""arch_id"": 1535, ""architecture_details"": ""|nor_conv_3x3~0|+|nor_conv_3x3~0|avg_pool_3x3~1|+|avg_pool_3x3~0|avg_pool_3x3~1|none~2|""}"
42,67.04,44.08388722900808,1,0.5469081172070687,"{""benchmark_genotype"": [3, 1, 1, 1, 1, 3], ""arch_id"": 14374, ""architecture_details"": ""|nor_conv_3x3~0|+|skip_connect~0|skip_connect~1|+|skip_connect~0|skip_connect~1|nor_conv_3x3~2|""}"
43,69.06,35.10350787072424,1,0.14254967461194143,"{""benchmark_genotype"": [3, 0, 4, 2, 0, 3], ""arch_id"": 9863, ""architecture_details"": ""|nor_conv_3x3~0|+|none~0|avg_pool_3x3~1|+|nor_conv_1x1~0|none~1|nor_conv_3x3~2|""}"
44,67.94,42.45990617209934,1,0.14731692673474833,"{""benchmark_genotype"": [3, 1, 1, 1, 1, 2], ""arch_id"": 1424, ""architecture_details"": ""|nor_conv_3x3~0|+|skip_connect~0|skip_connect~1|+|skip_connect~0|skip_connect~1|nor_conv_1x1~2|""}"
45,69.06,35.10350787072424,1,0.24192178594278835,"{""benchmark_genotype"": [3, 0, 4, 2, 0, 3], ""arch_id"": 9863, ""architecture_details"": ""|nor_conv_3x3~0|+|none~0|avg_pool_3x3~1|+|nor_conv_1x1~0|none~1|nor_conv_3x3~2|""}"
46,67.973335,38.36254833201558,1,0.0173282645633612,"{""benchmark_genotype"": [3, 0, 2, 4, 0, 3], ""arch_id"": 1679, ""architecture_details"": ""|nor_conv_3x3~0|+|none~0|nor_conv_1x1~1|+|avg_pool_3x3~0|none~1|nor_conv_3x3~2|""}"
47,68.62,37.63044122068636,1,0.11025920118776827,"{""benchmark_genotype"": [3, 1, 2, 1, 1, 2], ""arch_id"": 12404, ""architecture_details"": ""|nor_conv_3x3~0|+|skip_connect~0|nor_conv_1x1~1|+|skip_connect~0|skip_connect~1|nor_conv_1x1~2|""}"
48,68.8,35.82379778469216,1,0.08273630083350833,"{""benchmark_genotype"": [4, 2, 1, 2, 0, 3], ""arch_id"": 12135, ""architecture_details"": ""|avg_pool_3x3~0|+|nor_conv_1x1~0|skip_connect~1|+|nor_conv_1x1~0|none~1|nor_conv_3x3~2|""}"
49,67.94,42.45990617209934,1,0.035572839298328586,"{""benchmark_genotype"": [3, 1, 1, 1, 1, 2], ""arch_id"": 1424, ""architecture_details"": ""|nor_conv_3x3~0|+|skip_connect~0|skip_connect~1|+|skip_connect~0|skip_connect~1|nor_conv_1x1~2|""}"
50,67.973335,38.36254833201558,1,0.1294428670481529,"{""benchmark_genotype"": [3, 0, 2, 4, 0, 3], ""arch_id"": 1679, ""architecture_details"": ""|nor_conv_3x3~0|+|none~0|nor_conv_1x1~1|+|avg_pool_3x3~0|none~1|nor_conv_3x3~2|""}"
51,70.22,26.020724726623012,2,inf,"{""benchmark_genotype"": [3, 0, 3, 2, 2, 3], ""arch_id"": 6189, ""architecture_details"": ""|nor_conv_3x3~0|+|none~0|nor_conv_3x3~1|+|nor_conv_1x1~0|nor_conv_1x1~1|nor_conv_3x3~2|""}"
52,47.0,73.11225794998931,2,inf,"{""benchmark_genotype"": [0, 3, 0, 4, 1, 0], ""arch_id"": 7920, ""architecture_details"": ""|none~0|+|nor_conv_3x3~0|none~1|+|avg_pool_3x3~0|skip_connect~1|none~2|""}"
53,54.72,46.39942761666092,2,1.1534080402530003,"{""benchmark_genotype"": [4, 0, 4, 0, 1, 3], ""arch_id"": 8928, ""architecture_details"": ""|avg_pool_3x3~0|+|none~0|avg_pool_3x3~1|+|none~0|skip_connect~1|nor_conv_3x3~2|""}"
54,59.01,43.153495169872436,2,0.18940346702182836,"{""benchmark_genotype"": [3, 4, 0, 1, 1, 1], ""arch_id"": 3657, ""architecture_details"": ""|nor_conv_3x3~0|+|avg_pool_3x3~0|none~1|+|skip_connect~0|skip_connect~1|skip_connect~2|""}"
55,66.9,42.93456921921983,2,0.35755529807218595,"{""benchmark_genotype"": [2, 3, 2, 3, 4, 0], ""arch_id"": 11087, ""architecture_details"": ""|nor_conv_1x1~0|+|nor_conv_3x3~0|nor_conv_1x1~1|+|nor_conv_3x3~0|avg_pool_3x3~1|none~2|""}"
56,68.793335,27.598045506417236,2,0.2850848574731291,"{""benchmark_genotype"": [4, 2, 2, 3, 3, 1], ""arch_id"": 1824, ""architecture_details"": ""|avg_pool_3x3~0|+|nor_conv_1x1~0|nor_conv_1x1~1|+|nor_conv_3x3~0|nor_conv_3x3~1|skip_connect~2|""}"
57,59.01,43.153495169872436,2,0.40872143549813905,"{""benchmark_genotype"": [3, 4, 0, 1, 1, 1], ""arch_id"": 3657, ""architecture_details"": ""|nor_conv_3x3~0|+|avg_pool_3x3~0|none~1|+|skip_connect~0|skip_connect~1|skip_connect~2|""}"
58,67.54,34.010609269455514,2,0.16028946956251644,"{""benchmark_genotype"": [3, 3, 4, 1, 1, 1], ""arch_id"": 6873, ""architecture_details"": ""|nor_conv_3x3~0|+|nor_conv_3x3~0|avg_pool_3x3~1|+|skip_connect~0|skip_connect~1|skip_connect~2|""}"
59,67.54,34.010609269455514,2,0.1320378379149567,"{""benchmark_genotype"": [3, 3, 4, 1, 1, 1], ""arch_id"": 6873, ""architecture_details"": ""|nor_conv_3x3~0|+|nor_conv_3x3~0|avg_pool_3x3~1|+|skip_connect~0|skip_connect~1|skip_connect~2|""}"
60,66.98,37.68663599853851,2,0.07892263550324342,"{""benchmark_genotype"": [3, 3, 1, 0, 0, 1], ""arch_id"": 8279, ""architecture_details"": ""|nor_conv_3x3~0|+|nor_conv_3x3~0|skip_connect~1|+|none~0|none~1|skip_connect~2|""}"
61,66.96,42.09812863293694,2,0.11488642610538816,"{""benchmark_genotype"": [3, 2, 0, 3, 4, 0], ""arch_id"": 13857, ""architecture_details"": ""|nor_conv_3x3~0|+|nor_conv_1x1~0|none~1|+|nor_conv_3x3~0|avg_pool_3x3~1|none~2|""}"
62,66.98,37.68663599853851,2,0.11779624431227248,"{""benchmark_genotype"": [3, 3, 1, 0, 0, 1], ""arch_id"": 8279, ""architecture_details"": ""|nor_conv_3x3~0|+|nor_conv_3x3~0|skip_connect~1|+|none~0|none~1|skip_connect~2|""}"
63,66.9,42.93456921921983,2,0.007232924386168952,"{""benchmark_genotype"": [2, 3, 2, 3, 4, 0], ""arch_id"": 11087, ""architecture_details"": ""|nor_conv_1x1~0|+|nor_conv_3x3~0|nor_conv_1x1~1|+|nor_conv_3x3~0|avg_pool_3x3~1|none~2|""}"
64,72.42,32.2471576952118,0,inf,"{""benchmark_genotype"": [4, 3, 2, 1, 3, 3], ""arch_id"": 10476, ""architecture_details"": ""|avg_pool_3x3~0|+|nor_conv_3x3~0|nor_conv_1x1~1|+|skip_connect~0|nor_conv_3x3~1|nor_conv_3x3~2|""}"
65,72.42,32.2471576952118,0,0.0,"{""benchmark_genotype"": [4, 3, 2, 1, 3, 3], ""arch_id"": 10476, ""architecture_details"": ""|avg_pool_3x3~0|+|nor_conv_3x3~0|nor_conv_1x1~1|+|skip_connect~0|nor_conv_3x3~1|nor_conv_3x3~2|""}"
66,61.84667,108.04576278282667,0,inf,"{""benchmark_genotype"": [1, 4, 3, 2, 0, 0], ""arch_id"": 15405, ""architecture_details"": ""|skip_connect~0|+|avg_pool_3x3~0|nor_conv_3x3~1|+|nor_conv_1x1~0|none~1|none~2|""}"
67,66.986664,74.78944061350079,0,1.0356819248615032,"{""benchmark_genotype"": [1, 3, 0, 1, 3, 0], ""arch_id"": 2805, ""architecture_details"": ""|skip_connect~0|+|nor_conv_3x3~0|none~1|+|skip_connect~0|nor_conv_3x3~1|none~2|""}"
68,61.92,100.20891052621954,0,0.9248740447903114,"{""benchmark_genotype"": [0, 4, 3, 2, 0, 0], ""arch_id"": 9067, ""architecture_details"": ""|none~0|+|avg_pool_3x3~0|nor_conv_3x3~1|+|nor_conv_1x1~0|none~1|none~2|""}"
69,69.36,58.83645612727267,0,0.5506627792768658,"{""benchmark_genotype"": [3, 3, 2, 1, 2, 0], ""arch_id"": 3811, ""architecture_details"": ""|nor_conv_3x3~0|+|nor_conv_3x3~0|nor_conv_1x1~1|+|skip_connect~0|nor_conv_1x1~1|none~2|""}"
70,69.36,58.83645612727267,0,0.29065508184236016,"{""benchmark_genotype"": [3, 3, 2, 1, 2, 0], ""arch_id"": 3811, ""architecture_details"": ""|nor_conv_3x3~0|+|nor_conv_3x3~0|nor_conv_1x1~1|+|skip_connect~0|nor_conv_1x1~1|none~2|""}"
71,67.246666,58.93102827366356,0,0.21379608424865823,"{""benchmark_genotype"": [1, 3, 2, 3, 3, 0], ""arch_id"": 13599, ""architecture_details"": ""|skip_connect~0|+|nor_conv_3x3~0|nor_conv_1x1~1|+|nor_conv_3x3~0|nor_conv_3x3~1|none~2|""}"
72,67.21333,59.65274822895464,0,0.0309590691837463,"{""benchmark_genotype"": [1, 2, 0, 3, 3, 0], ""arch_id"": 488, ""architecture_details"": ""|skip_connect~0|+|nor_conv_1x1~0|none~1|+|nor_conv_3x3~0|nor_conv_3x3~1|none~2|""}"
73,67.21333,59.65274822895464,0,0.0,"{""benchmark_genotype"": [1, 2, 0, 3, 3, 0], ""arch_id"": 488, ""architecture_details"": ""|skip_connect~0|+|nor_conv_1x1~0|none~1|+|nor_conv_3x3~0|nor_conv_3x3~1|none~2|""}"
74,72.42,32.2471576952118,0,inf,"{""benchmark_genotype"": [4, 3, 2, 1, 3, 3], ""arch_id"": 10476, ""architecture_details"": ""|avg_pool_3x3~0|+|nor_conv_3x3~0|nor_conv_1x1~1|+|skip_connect~0|nor_conv_3x3~1|nor_conv_3x3~2|""}"
75,67.21333,59.65274822895464,0,0.0,"{""benchmark_genotype"": [1, 2, 0, 3, 3, 0], ""arch_id"": 488, ""architecture_details"": ""|skip_connect~0|+|nor_conv_1x1~0|none~1|+|nor_conv_3x3~0|nor_conv_3x3~1|none~2|""}"
76,67.21333,59.65274822895464,0,0.0,"{""benchmark_genotype"": [1, 2, 0, 3, 3, 0], ""arch_id"": 488, ""architecture_details"": ""|skip_connect~0|+|nor_conv_1x1~0|none~1|+|nor_conv_3x3~0|nor_conv_3x3~1|none~2|""}"
77,67.21333,59.65274822895464,0,0.20284902490671622,"{""benchmark_genotype"": [1, 2, 0, 3, 3, 0], ""arch_id"": 488, ""architecture_details"": ""|skip_connect~0|+|nor_conv_1x1~0|none~1|+|nor_conv_3x3~0|nor_conv_3x3~1|none~2|""}"
78,72.28,29.03181088097756,1,inf,"{""benchmark_genotype"": [3, 3, 2, 1, 2, 3], ""arch_id"": 10165, ""architecture_details"": ""|nor_conv_3x3~0|+|nor_conv_3x3~0|nor_conv_1x1~1|+|skip_connect~0|nor_conv_1x1~1|nor_conv_3x3~2|""}"
79,72.28,29.03181088097756,1,inf,"{""benchmark_genotype"": [3, 3, 2, 1, 2, 3], ""arch_id"": 10165, ""architecture_details"": ""|nor_conv_3x3~0|+|nor_conv_3x3~0|nor_conv_1x1~1|+|skip_connect~0|nor_conv_1x1~1|nor_conv_3x3~2|""}"
80,58.106667,77.91614819963053,1,inf,"{""benchmark_genotype"": [1, 4, 1, 0, 1, 0], ""arch_id"": 2286, ""architecture_details"": ""|skip_connect~0|+|avg_pool_3x3~0|skip_connect~1|+|none~0|skip_connect~1|none~2|""}"
81,58.106667,77.91614819963053,1,0.0,"{""benchmark_genotype"": [1, 4, 1, 0, 1, 0], ""arch_id"": 2286, ""architecture_details"": ""|skip_connect~0|+|avg_pool_3x3~0|skip_connect~1|+|none~0|skip_connect~1|none~2|""}"
82,69.15,45.90666770476945,1,1.1206289517495063,"{""benchmark_genotype"": [2, 2, 0, 3, 3, 0], ""arch_id"": 9375, ""architecture_details"": ""|nor_conv_1x1~0|+|nor_conv_1x1~0|none~1|+|nor_conv_3x3~0|nor_conv_3x3~1|none~2|""}"
83,62.133335,49.16774979122143,1,0.35081186250688884,"{""benchmark_genotype"": [3, 3, 4, 4, 4, 0], ""arch_id"": 1535, ""architecture_details"": ""|nor_conv_3x3~0|+|nor_conv_3x3~0|avg_pool_3x3~1|+|avg_pool_3x3~0|avg_pool_3x3~1|none~2|""}"
84,72.2,29.106837198968723,1,0.5660369223846963,"{""benchmark_genotype"": [3, 3, 2, 1, 3, 2], ""arch_id"": 13390, ""architecture_details"": ""|nor_conv_3x3~0|+|nor_conv_3x3~0|nor_conv_1x1~1|+|skip_connect~0|nor_conv_3x3~1|nor_conv_1x1~2|""}"
85,62.133335,49.16774979122143,1,0.0,"{""benchmark_genotype"": [3, 3, 4, 4, 4, 0], ""arch_id"": 1535, ""architecture_details"": ""|nor_conv_3x3~0|+|nor_conv_3x3~0|avg_pool_3x3~1|+|avg_pool_3x3~0|avg_pool_3x3~1|none~2|""}"
86,62.133335,49.16774979122143,1,1.0831512151084148,"{""benchmark_genotype"": [3, 3, 4, 4, 4, 0], ""arch_id"": 1535, ""architecture_details"": ""|nor_conv_3x3~0|+|nor_conv_3x3~0|avg_pool_3x3~1|+|avg_pool_3x3~0|avg_pool_3x3~1|none~2|""}"
87,58.106667,77.91614819963053,1,inf,"{""benchmark_genotype"": [1, 4, 1, 0, 1, 0], ""arch_id"": 2286, ""architecture_details"": ""|skip_connect~0|+|avg_pool_3x3~0|skip_connect~1|+|none~0|skip_connect~1|none~2|""}"
88,70.22,26.020724726623012,2,inf,"{""benchmark_genotype"": [3, 0, 3, 2, 2, 3], ""arch_id"": 6189, ""architecture_details"": ""|nor_conv_3x3~0|+|none~0|nor_conv_3x3~1|+|nor_conv_1x1~0|nor_conv_1x1~1|nor_conv_3x3~2|""}"
89,47.1,73.37086057195961,2,inf,"{""benchmark_genotype"": [0, 1, 3, 4, 1, 0], ""arch_id"": 3387, ""architecture_details"": ""|none~0|+|skip_connect~0|nor_conv_3x3~1|+|avg_pool_3x3~0|skip_connect~1|none~2|""}"
90,54.72,46.39942761666092,2,0.3784872828895719,"{""benchmark_genotype"": [4, 0, 4, 0, 1, 3], ""arch_id"": 8928, ""architecture_details"": ""|avg_pool_3x3~0|+|none~0|avg_pool_3x3~1|+|none~0|skip_connect~1|nor_conv_3x3~2|""}"
91,67.04,44.08388722900808,2,0.6673225052320254,"{""benchmark_genotype"": [3, 1, 1, 1, 1, 3], ""arch_id"": 14374, ""architecture_details"": ""|nor_conv_3x3~0|+|skip_connect~0|skip_connect~1|+|skip_connect~0|skip_connect~1|nor_conv_3x3~2|""}"
92,54.72,46.39942761666092,2,1.1024887743354985,"{""benchmark_genotype"": [4, 0, 4, 0, 1, 3], ""arch_id"": 8928, ""architecture_details"": ""|avg_pool_3x3~0|+|none~0|avg_pool_3x3~1|+|none~0|skip_connect~1|nor_conv_3x3~2|""}"
93,69.06,35.10350787072424,2,0.31439281510714756,"{""benchmark_genotype"": [3, 0, 4, 2, 0, 3], ""arch_id"": 9863, ""architecture_details"": ""|nor_conv_3x3~0|+|none~0|avg_pool_3x3~1|+|nor_conv_1x1~0|none~1|nor_conv_3x3~2|""}"
94,67.98,41.958311899629,2,0.2046311276677819,"{""benchmark_genotype"": [1, 0, 0, 3, 3, 3], ""arch_id"": 6573, ""architecture_details"": ""|skip_connect~0|+|none~0|none~1|+|nor_conv_3x3~0|nor_conv_3x3~1|nor_conv_3x3~2|""}"
95,68.62,37.63044122068636,2,0.1914812159210899,"{""benchmark_genotype"": [3, 1, 2, 1, 1, 2], ""arch_id"": 12404, ""architecture_details"": ""|nor_conv_3x3~0|+|skip_connect~0|nor_conv_1x1~1|+|skip_connect~0|skip_connect~1|nor_conv_1x1~2|""}"
96,72.42,32.2471576952118,0,inf,"{""benchmark_genotype"": [4, 3, 2, 1, 3, 3], ""arch_id"": 10476, ""architecture_details"": ""|avg_pool_3x3~0|+|nor_conv_3x3~0|nor_conv_1x1~1|+|skip_connect~0|nor_conv_3x3~1|nor_conv_3x3~2|""}"
97,72.42,32.2471576952118,0,0.0,"{""benchmark_genotype"": [4, 3, 2, 1, 3, 3], ""arch_id"": 10476, ""architecture_details"": ""|avg_pool_3x3~0|+|nor_conv_3x3~0|nor_conv_1x1~1|+|skip_connect~0|nor_conv_3x3~1|nor_conv_3x3~2|""}"
98,46.746666,111.73071378440251,0,inf,"{""benchmark_genotype"": [1, 4, 3, 4, 0, 0], ""arch_id"": 3283, ""architecture_details"": ""|skip_connect~0|+|avg_pool_3x3~0|nor_conv_3x3~1|+|avg_pool_3x3~0|none~1|none~2|""}"
99,61.88,111.07208161576557,0,0.7359736576050933,"{""benchmark_genotype"": [4, 4, 3, 2, 0, 0], ""arch_id"": 6974, ""architecture_details"": ""|avg_pool_3x3~0|+|avg_pool_3x3~0|nor_conv_3x3~1|+|nor_conv_1x1~0|none~1|none~2|""}"
100,61.92,100.20891052621954,0,0.6553891056076917,"{""benchmark_genotype"": [0, 4, 3, 2, 0, 0], ""arch_id"": 9067, ""architecture_details"": ""|none~0|+|avg_pool_3x3~0|nor_conv_3x3~1|+|nor_conv_1x1~0|none~1|none~2|""}"
101,70.09333,58.78895631818876,0,0.45371559564413655,"{""benchmark_genotype"": [3, 2, 2, 1, 3, 0], ""arch_id"": 8253, ""architecture_details"": ""|nor_conv_3x3~0|+|nor_conv_1x1~0|nor_conv_1x1~1|+|skip_connect~0|nor_conv_3x3~1|none~2|""}"
102,66.986664,74.78944061350079,0,0.34848530098639124,"{""benchmark_genotype"": [1, 3, 0, 1, 3, 0], ""arch_id"": 2805, ""architecture_details"": ""|skip_connect~0|+|nor_conv_3x3~0|none~1|+|skip_connect~0|nor_conv_3x3~1|none~2|""}"
103,66.986664,74.78944061350079,0,0.33590772731358837,"{""benchmark_genotype"": [1, 3, 0, 1, 3, 0], ""arch_id"": 2805, ""architecture_details"": ""|skip_connect~0|+|nor_conv_3x3~0|none~1|+|skip_connect~0|nor_conv_3x3~1|none~2|""}"
104,67.4,62.77676707182792,0,0.29315160892696146,"{""benchmark_genotype"": [0, 2, 0, 3, 4, 0], ""arch_id"": 12858, ""architecture_details"": ""|none~0|+|nor_conv_1x1~0|none~1|+|nor_conv_3x3~0|avg_pool_3x3~1|none~2|""}"
105,69.36,58.83645612727267,0,0.07694141030595748,"{""benchmark_genotype"": [3, 3, 2, 1, 2, 0], ""arch_id"": 3811, ""architecture_details"": ""|nor_conv_3x3~0|+|nor_conv_3x3~0|nor_conv_1x1~1|+|skip_connect~0|nor_conv_1x1~1|none~2|""}"
106,69.36,58.83645612727267,0,0.0,"{""benchmark_genotype"": [3, 3, 2, 1, 2, 0], ""arch_id"": 3811, ""architecture_details"": ""|nor_conv_3x3~0|+|nor_conv_3x3~0|nor_conv_1x1~1|+|skip_connect~0|nor_conv_1x1~1|none~2|""}"
107,72.42,32.2471576952118,0,0.0,"{""benchmark_genotype"": [4, 3, 2, 1, 3, 3], ""arch_id"": 10476, ""architecture_details"": ""|avg_pool_3x3~0|+|nor_conv_3x3~0|nor_conv_1x1~1|+|skip_connect~0|nor_conv_3x3~1|nor_conv_3x3~2|""}"
108,72.42,32.2471576952118,0,inf,"{""benchmark_genotype"": [4, 3, 2, 1, 3, 3], ""arch_id"": 10476, ""architecture_details"": ""|avg_pool_3x3~0|+|nor_conv_3x3~0|nor_conv_1x1~1|+|skip_connect~0|nor_conv_3x3~1|nor_conv_3x3~2|""}"
109,69.36,58.83645612727267,0,0.0,"{""benchmark_genotype"": [3, 3, 2, 1, 2, 0], ""arch_id"": 3811, ""architecture_details"": ""|nor_conv_3x3~0|+|nor_conv_3x3~0|nor_conv_1x1~1|+|skip_connect~0|nor_conv_1x1~1|none~2|""}"
110,69.36,58.83645612727267,0,0.0,"{""benchmark_genotype"": [3, 3, 2, 1, 2, 0], ""arch_id"": 3811, ""architecture_details"": ""|nor_conv_3x3~0|+|nor_conv_3x3~0|nor_conv_1x1~1|+|skip_connect~0|nor_conv_1x1~1|none~2|""}"
111,69.36,58.83645612727267,0,0.0,"{""benchmark_genotype"": [3, 3, 2, 1, 2, 0], ""arch_id"": 3811, ""architecture_details"": ""|nor_conv_3x3~0|+|nor_conv_3x3~0|nor_conv_1x1~1|+|skip_connect~0|nor_conv_1x1~1|none~2|""}"
112,69.36,58.83645612727267,0,0.07813779239989299,"{""benchmark_genotype"": [3, 3, 2, 1, 2, 0], ""arch_id"": 3811, ""architecture_details"": ""|nor_conv_3x3~0|+|nor_conv_3x3~0|nor_conv_1x1~1|+|skip_connect~0|nor_conv_1x1~1|none~2|""}"
113,72.28,29.03181088097756,1,inf,"{""benchmark_genotype"": [3, 3, 2, 1, 2, 3], ""arch_id"": 10165, ""architecture_details"": ""|nor_conv_3x3~0|+|nor_conv_3x3~0|nor_conv_1x1~1|+|skip_connect~0|nor_conv_1x1~1|nor_conv_3x3~2|""}"
114,72.28,29.03181088097756,1,inf,"{""benchmark_genotype"": [3, 3, 2, 1, 2, 3], ""arch_id"": 10165, ""architecture_details"": ""|nor_conv_3x3~0|+|nor_conv_3x3~0|nor_conv_1x1~1|+|skip_connect~0|nor_conv_1x1~1|nor_conv_3x3~2|""}"
115,61.84667,108.04576278282667,1,inf,"{""benchmark_genotype"": [1, 4, 3, 2, 0, 0], ""arch_id"": 15405, ""architecture_details"": ""|skip_connect~0|+|avg_pool_3x3~0|nor_conv_3x3~1|+|nor_conv_1x1~0|none~1|none~2|""}"
116,61.84667,108.04576278282667,1,inf,"{""benchmark_genotype"": [1, 4, 3, 2, 0, 0], ""arch_id"": 15405, ""architecture_details"": ""|skip_connect~0|+|avg_pool_3x3~0|nor_conv_3x3~1|+|nor_conv_1x1~0|none~1|none~2|""}"
117,67.21333,59.65274822895464,1,0.5235106046646248,"{""benchmark_genotype"": [1, 2, 0, 3, 3, 0], ""arch_id"": 488, ""architecture_details"": ""|skip_connect~0|+|nor_conv_1x1~0|none~1|+|nor_conv_3x3~0|nor_conv_3x3~1|none~2|""}"
118,67.21333,59.65274822895464,1,0.0,"{""benchmark_genotype"": [1, 2, 0, 3, 3, 0], ""arch_id"": 488, ""architecture_details"": ""|skip_connect~0|+|nor_conv_1x1~0|none~1|+|nor_conv_3x3~0|nor_conv_3x3~1|none~2|""}"
119,69.8,30.45616296751695,1,0.4715438808498647,"{""benchmark_genotype"": [0, 3, 2, 1, 2, 3], ""arch_id"": 12663, ""architecture_details"": ""|none~0|+|nor_conv_3x3~0|nor_conv_1x1~1|+|skip_connect~0|nor_conv_1x1~1|nor_conv_3x3~2|""}"
120,67.753334,57.68855460807232,1,0.34726444973214843,"{""benchmark_genotype"": [1, 2, 0, 3, 2, 0], ""arch_id"": 2275, ""architecture_details"": ""|skip_connect~0|+|nor_conv_1x1~0|none~1|+|nor_conv_3x3~0|nor_conv_1x1~1|none~2|""}"
121,69.15,45.90666770476945,1,0.32940726903290884,"{""benchmark_genotype"": [2, 2, 0, 3, 3, 0], ""arch_id"": 9375, ""architecture_details"": ""|nor_conv_1x1~0|+|nor_conv_1x1~0|none~1|+|nor_conv_3x3~0|nor_conv_3x3~1|none~2|""}"
122,71.88,29.323025468836324,1,0.241845511905485,"{""benchmark_genotype"": [2, 3, 2, 1, 2, 3], ""arch_id"": 11307, ""architecture_details"": ""|nor_conv_1x1~0|+|nor_conv_3x3~0|nor_conv_1x1~1|+|skip_connect~0|nor_conv_1x1~1|nor_conv_3x3~2|""}"
123,69.15,45.90666770476945,1,0.21141181426195138,"{""benchmark_genotype"": [2, 2, 0, 3, 3, 0], ""arch_id"": 9375, ""architecture_details"": ""|nor_conv_1x1~0|+|nor_conv_1x1~0|none~1|+|nor_conv_3x3~0|nor_conv_3x3~1|none~2|""}"
124,67.246666,58.93102827366356,1,0.07661640858631248,"{""benchmark_genotype"": [1, 3, 2, 3, 3, 0], ""arch_id"": 13599, ""architecture_details"": ""|skip_connect~0|+|nor_conv_3x3~0|nor_conv_1x1~1|+|nor_conv_3x3~0|nor_conv_3x3~1|none~2|""}"
125,72.16,29.2198034880556,1,0.03340701348605557,"{""benchmark_genotype"": [3, 2, 2, 1, 3, 2], ""arch_id"": 4208, ""architecture_details"": ""|nor_conv_3x3~0|+|nor_conv_1x1~0|nor_conv_1x1~1|+|skip_connect~0|nor_conv_3x3~1|nor_conv_1x1~2|""}"
126,72.2,29.106837198968723,1,0.013880834185201588,"{""benchmark_genotype"": [3, 3, 2, 1, 3, 2], ""arch_id"": 13390, ""architecture_details"": ""|nor_conv_3x3~0|+|nor_conv_3x3~0|nor_conv_1x1~1|+|skip_connect~0|nor_conv_3x3~1|nor_conv_1x1~2|""}"
127,67.21333,59.65274822895464,1,0.6156567846538995,"{""benchmark_genotype"": [1, 2, 0, 3, 3, 0], ""arch_id"": 488, ""architecture_details"": ""|skip_connect~0|+|nor_conv_1x1~0|none~1|+|nor_conv_3x3~0|nor_conv_3x3~1|none~2|""}"
128,72.42,32.2471576952118,0,inf,"{""benchmark_genotype"": [4, 3, 2, 1, 3, 3], ""arch_id"": 10476, ""architecture_details"": ""|avg_pool_3x3~0|+|nor_conv_3x3~0|nor_conv_1x1~1|+|skip_connect~0|nor_conv_3x3~1|nor_conv_3x3~2|""}"
129,72.42,32.2471576952118,0,0.0,"{""benchmark_genotype"": [4, 3, 2, 1, 3, 3], ""arch_id"": 10476, ""architecture_details"": ""|avg_pool_3x3~0|+|nor_conv_3x3~0|nor_conv_1x1~1|+|skip_connect~0|nor_conv_3x3~1|nor_conv_3x3~2|""}"
130,58.3,136.86257198030358,0,inf,"{""benchmark_genotype"": [1, 0, 1, 1, 0, 0], ""arch_id"": 7594, ""architecture_details"": ""|skip_connect~0|+|none~0|skip_connect~1|+|skip_connect~0|none~1|none~2|""}"
131,63.04,106.33674486422765,0,0.6647449437278083,"{""benchmark_genotype"": [0, 4, 2, 2, 0, 0], ""arch_id"": 13320, ""architecture_details"": ""|none~0|+|avg_pool_3x3~0|nor_conv_1x1~1|+|nor_conv_1x1~0|none~1|none~2|""}"
132,70.73333,59.43045065338135,0,0.6473511450087182,"{""benchmark_genotype"": [3, 2, 0, 1, 3, 0], ""arch_id"": 2776, ""architecture_details"": ""|nor_conv_3x3~0|+|nor_conv_1x1~0|none~1|+|skip_connect~0|nor_conv_3x3~1|none~2|""}"
133,62.6,111.83111086707078,0,0.6274849627293142,"{""benchmark_genotype"": [3, 4, 3, 2, 0, 0], ""arch_id"": 7174, ""architecture_details"": ""|nor_conv_3x3~0|+|avg_pool_3x3~0|nor_conv_3x3~1|+|nor_conv_1x1~0|none~1|none~2|""}"
134,67.4,62.77676707182792,0,0.412158450545024,"{""benchmark_genotype"": [0, 2, 0, 3, 4, 0], ""arch_id"": 12858, ""architecture_details"": ""|none~0|+|nor_conv_1x1~0|none~1|+|nor_conv_3x3~0|avg_pool_3x3~1|none~2|""}"
135,66.986664,74.78944061350079,0,0.3943357758051773,"{""benchmark_genotype"": [1, 3, 0, 1, 3, 0], ""arch_id"": 2805, ""architecture_details"": ""|skip_connect~0|+|nor_conv_3x3~0|none~1|+|skip_connect~0|nor_conv_3x3~1|none~2|""}"
136,66.986664,74.78944061350079,0,0.0,"{""benchmark_genotype"": [1, 3, 0, 1, 3, 0], ""arch_id"": 2805, ""architecture_details"": ""|skip_connect~0|+|nor_conv_3x3~0|none~1|+|skip_connect~0|nor_conv_3x3~1|none~2|""}"
137,72.42,32.2471576952118,0,0.0,"{""benchmark_genotype"": [4, 3, 2, 1, 3, 3], ""arch_id"": 10476, ""architecture_details"": ""|avg_pool_3x3~0|+|nor_conv_3x3~0|nor_conv_1x1~1|+|skip_connect~0|nor_conv_3x3~1|nor_conv_3x3~2|""}"
138,72.42,32.2471576952118,0,0.0,"{""benchmark_genotype"": [4, 3, 2, 1, 3, 3], ""arch_id"": 10476, ""architecture_details"": ""|avg_pool_3x3~0|+|nor_conv_3x3~0|nor_conv_1x1~1|+|skip_connect~0|nor_conv_3x3~1|nor_conv_3x3~2|""}"
139,72.42,32.2471576952118,0,0.0,"{""benchmark_genotype"": [4, 3, 2, 1, 3, 3], ""arch_id"": 10476, ""architecture_details"": ""|avg_pool_3x3~0|+|nor_conv_3x3~0|nor_conv_1x1~1|+|skip_connect~0|nor_conv_3x3~1|nor_conv_3x3~2|""}"
140,72.42,32.2471576952118,0,0.0,"{""benchmark_genotype"": [4, 3, 2, 1, 3, 3], ""arch_id"": 10476, ""architecture_details"": ""|avg_pool_3x3~0|+|nor_conv_3x3~0|nor_conv_1x1~1|+|skip_connect~0|nor_conv_3x3~1|nor_conv_3x3~2|""}"
141,72.42,32.2471576952118,0,inf,"{""benchmark_genotype"": [4, 3, 2, 1, 3, 3], ""arch_id"": 10476, ""architecture_details"": ""|avg_pool_3x3~0|+|nor_conv_3x3~0|nor_conv_1x1~1|+|skip_connect~0|nor_conv_3x3~1|nor_conv_3x3~2|""}"
142,66.986664,74.78944061350079,0,0.0,"{""benchmark_genotype"": [1, 3, 0, 1, 3, 0], ""arch_id"": 2805, ""architecture_details"": ""|skip_connect~0|+|nor_conv_3x3~0|none~1|+|skip_connect~0|nor_conv_3x3~1|none~2|""}"
143,66.986664,74.78944061350079,0,0.33082811645679044,"{""benchmark_genotype"": [1, 3, 0, 1, 3, 0], ""arch_id"": 2805, ""architecture_details"": ""|skip_connect~0|+|nor_conv_3x3~0|none~1|+|skip_connect~0|nor_conv_3x3~1|none~2|""}"
144,72.28,29.03181088097756,1,inf,"{""benchmark_genotype"": [3, 3, 2, 1, 2, 3], ""arch_id"": 10165, ""architecture_details"": ""|nor_conv_3x3~0|+|nor_conv_3x3~0|nor_conv_1x1~1|+|skip_connect~0|nor_conv_1x1~1|nor_conv_3x3~2|""}"
145,72.28,29.03181088097756,1,inf,"{""benchmark_genotype"": [3, 3, 2, 1, 2, 3], ""arch_id"": 10165, ""architecture_details"": ""|nor_conv_3x3~0|+|nor_conv_3x3~0|nor_conv_1x1~1|+|skip_connect~0|nor_conv_1x1~1|nor_conv_3x3~2|""}"
146,46.55,113.42394507649622,1,inf,"{""benchmark_genotype"": [4, 4, 3, 4, 0, 0], ""arch_id"": 10602, ""architecture_details"": ""|avg_pool_3x3~0|+|avg_pool_3x3~0|nor_conv_3x3~1|+|avg_pool_3x3~0|none~1|none~2|""}"
147,61.88,111.07208161576557,1,0.7262406998761431,"{""benchmark_genotype"": [4, 4, 3, 2, 0, 0], ""arch_id"": 6974, ""architecture_details"": ""|avg_pool_3x3~0|+|avg_pool_3x3~0|nor_conv_3x3~1|+|nor_conv_1x1~0|none~1|none~2|""}"
148,63.78,63.95374455889535,1,0.6862940381171911,"{""benchmark_genotype"": [3, 2, 2, 0, 3, 0], ""arch_id"": 11247, ""architecture_details"": ""|nor_conv_3x3~0|+|nor_conv_1x1~0|nor_conv_1x1~1|+|none~0|nor_conv_3x3~1|none~2|""}"
149,46.746666,111.73071378440251,1,0.6236708431459902,"{""benchmark_genotype"": [1, 4, 3, 4, 0, 0], ""arch_id"": 3283, ""architecture_details"": ""|skip_connect~0|+|avg_pool_3x3~0|nor_conv_3x3~1|+|avg_pool_3x3~0|none~1|none~2|""}"
150,61.92,100.20891052621954,1,0.43115822098529416,"{""benchmark_genotype"": [0, 4, 3, 2, 0, 0], ""arch_id"": 9067, ""architecture_details"": ""|none~0|+|avg_pool_3x3~0|nor_conv_3x3~1|+|nor_conv_1x1~0|none~1|none~2|""}"
151,71.04,31.476314702712504,1,0.4185941195883633,"{""benchmark_genotype"": [3, 4, 2, 1, 2, 3], ""arch_id"": 15485, ""architecture_details"": ""|nor_conv_3x3~0|+|avg_pool_3x3~0|nor_conv_1x1~1|+|skip_connect~0|nor_conv_1x1~1|nor_conv_3x3~2|""}"
152,70.09333,58.78895631818876,1,0.38949593816712946,"{""benchmark_genotype"": [3, 2, 2, 1, 3, 0], ""arch_id"": 8253, ""architecture_details"": ""|nor_conv_3x3~0|+|nor_conv_1x1~0|nor_conv_1x1~1|+|skip_connect~0|nor_conv_3x3~1|none~2|""}"
153,61.92,100.20891052621954,1,0.20101171108138405,"{""benchmark_genotype"": [0, 4, 3, 2, 0, 0], ""arch_id"": 9067, ""architecture_details"": ""|none~0|+|avg_pool_3x3~0|nor_conv_3x3~1|+|nor_conv_1x1~0|none~1|none~2|""}"
154,67.21333,59.65274822895464,1,0.1419888254719351,"{""benchmark_genotype"": [1, 2, 0, 3, 3, 0], ""arch_id"": 488, ""architecture_details"": ""|skip_connect~0|+|nor_conv_1x1~0|none~1|+|nor_conv_3x3~0|nor_conv_3x3~1|none~2|""}"
155,67.99,58.928875175353916,1,0.0832556449896401,"{""benchmark_genotype"": [1, 1, 2, 3, 3, 0], ""arch_id"": 10884, ""architecture_details"": ""|skip_connect~0|+|skip_connect~0|nor_conv_1x1~1|+|nor_conv_3x3~0|nor_conv_3x3~1|none~2|""}"
156,71.88,29.323025468836324,1,0.07715878604577357,"{""benchmark_genotype"": [2, 3, 2, 1, 2, 3], ""arch_id"": 11307, ""architecture_details"": ""|nor_conv_1x1~0|+|nor_conv_3x3~0|nor_conv_1x1~1|+|skip_connect~0|nor_conv_1x1~1|nor_conv_3x3~2|""}"
157,69.36,58.83645612727267,1,0.08340417153010565,"{""benchmark_genotype"": [3, 3, 2, 1, 2, 0], ""arch_id"": 3811, ""architecture_details"": ""|nor_conv_3x3~0|+|nor_conv_3x3~0|nor_conv_1x1~1|+|skip_connect~0|nor_conv_1x1~1|none~2|""}"
158,67.21333,59.65274822895464,1,0.05226003011285342,"{""benchmark_genotype"": [1, 2, 0, 3, 3, 0], ""arch_id"": 488, ""architecture_details"": ""|skip_connect~0|+|nor_conv_1x1~0|none~1|+|nor_conv_3x3~0|nor_conv_3x3~1|none~2|""}"
159,67.246666,58.93102827366356,1,0.03876288105047056,"{""benchmark_genotype"": [1, 3, 2, 3, 3, 0], ""arch_id"": 13599, ""architecture_details"": ""|skip_connect~0|+|nor_conv_3x3~0|nor_conv_1x1~1|+|nor_conv_3x3~0|nor_conv_3x3~1|none~2|""}"
160,72.42,32.2471576952118,0,inf,"{""benchmark_genotype"": [4, 3, 2, 1, 3, 3], ""arch_id"": 10476, ""architecture_details"": ""|avg_pool_3x3~0|+|nor_conv_3x3~0|nor_conv_1x1~1|+|skip_connect~0|nor_conv_3x3~1|nor_conv_3x3~2|""}"
161,72.42,32.2471576952118,0,0.0,"{""benchmark_genotype"": [4, 3, 2, 1, 3, 3], ""arch_id"": 10476, ""architecture_details"": ""|avg_pool_3x3~0|+|nor_conv_3x3~0|nor_conv_1x1~1|+|skip_connect~0|nor_conv_3x3~1|nor_conv_3x3~2|""}"
162,58.3,136.86257198030358,0,inf,"{""benchmark_genotype"": [1, 0, 1, 1, 0, 0], ""arch_id"": 7594, ""architecture_details"": ""|skip_connect~0|+|none~0|skip_connect~1|+|skip_connect~0|none~1|none~2|""}"
163,58.3,136.86257198030358,0,0.0,"{""benchmark_genotype"": [1, 0, 1, 1, 0, 0], ""arch_id"": 7594, ""architecture_details"": ""|skip_connect~0|+|none~0|skip_connect~1|+|skip_connect~0|none~1|none~2|""}"
164,67.30666,80.82257988907908,0,0.7251638922619678,"{""benchmark_genotype"": [1, 2, 0, 1, 3, 0], ""arch_id"": 13413, ""architecture_details"": ""|skip_connect~0|+|nor_conv_1x1~0|none~1|+|skip_connect~0|nor_conv_3x3~1|none~2|""}"
165,67.4,62.77676707182792,0,0.44716554162078775,"{""benchmark_genotype"": [0, 2, 0, 3, 4, 0], ""arch_id"": 12858, ""architecture_details"": ""|none~0|+|nor_conv_1x1~0|none~1|+|nor_conv_3x3~0|avg_pool_3x3~1|none~2|""}"
166,70.73333,59.43045065338135,0,0.4011248596612015,"{""benchmark_genotype"": [3, 2, 0, 1, 3, 0], ""arch_id"": 2776, ""architecture_details"": ""|nor_conv_3x3~0|+|nor_conv_1x1~0|none~1|+|skip_connect~0|nor_conv_3x3~1|none~2|""}"
167,70.753334,45.65785469310126,0,0.3792927762178797,"{""benchmark_genotype"": [1, 3, 0, 1, 3, 3], ""arch_id"": 2510, ""architecture_details"": ""|skip_connect~0|+|nor_conv_3x3~0|none~1|+|skip_connect~0|nor_conv_3x3~1|nor_conv_3x3~2|""}"
168,62.6,111.83111086707078,0,0.3570522380358906,"{""benchmark_genotype"": [3, 4, 3, 2, 0, 0], ""arch_id"": 7174, ""architecture_details"": ""|nor_conv_3x3~0|+|avg_pool_3x3~0|nor_conv_3x3~1|+|nor_conv_1x1~0|none~1|none~2|""}"
169,63.04,106.33674486422765,0,0.27504680441785434,"{""benchmark_genotype"": [0, 4, 2, 2, 0, 0], ""arch_id"": 13320, ""architecture_details"": ""|none~0|+|avg_pool_3x3~0|nor_conv_1x1~1|+|nor_conv_1x1~0|none~1|none~2|""}"
170,63.04,106.33674486422765,0,0.0,"{""benchmark_genotype"": [0, 4, 2, 2, 0, 0], ""arch_id"": 13320, ""architecture_details"": ""|none~0|+|avg_pool_3x3~0|nor_conv_1x1~1|+|nor_conv_1x1~0|none~1|none~2|""}"
171,62.6,111.83111086707078,0,0.0,"{""benchmark_genotype"": [3, 4, 3, 2, 0, 0], ""arch_id"": 7174, ""architecture_details"": ""|nor_conv_3x3~0|+|avg_pool_3x3~0|nor_conv_3x3~1|+|nor_conv_1x1~0|none~1|none~2|""}"
172,72.42,32.2471576952118,0,0.0,"{""benchmark_genotype"": [4, 3, 2, 1, 3, 3], ""arch_id"": 10476, ""architecture_details"": ""|avg_pool_3x3~0|+|nor_conv_3x3~0|nor_conv_1x1~1|+|skip_connect~0|nor_conv_3x3~1|nor_conv_3x3~2|""}"
173,72.42,32.2471576952118,0,0.0,"{""benchmark_genotype"": [4, 3, 2, 1, 3, 3], ""arch_id"": 10476, ""architecture_details"": ""|avg_pool_3x3~0|+|nor_conv_3x3~0|nor_conv_1x1~1|+|skip_connect~0|nor_conv_3x3~1|nor_conv_3x3~2|""}"
174,72.42,32.2471576952118,0,0.0,"{""benchmark_genotype"": [4, 3, 2, 1, 3, 3], ""arch_id"": 10476, ""architecture_details"": ""|avg_pool_3x3~0|+|nor_conv_3x3~0|nor_conv_1x1~1|+|skip_connect~0|nor_conv_3x3~1|nor_conv_3x3~2|""}"
175,72.42,32.2471576952118,0,0.0,"{""benchmark_genotype"": [4, 3, 2, 1, 3, 3], ""arch_id"": 10476, ""architecture_details"": ""|avg_pool_3x3~0|+|nor_conv_3x3~0|nor_conv_1x1~1|+|skip_connect~0|nor_conv_3x3~1|nor_conv_3x3~2|""}"
176,72.42,32.2471576952118,0,0.0,"{""benchmark_genotype"": [4, 3, 2, 1, 3, 3], ""arch_id"": 10476, ""architecture_details"": ""|avg_pool_3x3~0|+|nor_conv_3x3~0|nor_conv_1x1~1|+|skip_connect~0|nor_conv_3x3~1|nor_conv_3x3~2|""}"
177,72.42,32.2471576952118,0,0.0,"{""benchmark_genotype"": [4, 3, 2, 1, 3, 3], ""arch_id"": 10476, ""architecture_details"": ""|avg_pool_3x3~0|+|nor_conv_3x3~0|nor_conv_1x1~1|+|skip_connect~0|nor_conv_3x3~1|nor_conv_3x3~2|""}"
178,72.42,32.2471576952118,0,0.0,"{""benchmark_genotype"": [4, 3, 2, 1, 3, 3], ""arch_id"": 10476, ""architecture_details"": ""|avg_pool_3x3~0|+|nor_conv_3x3~0|nor_conv_1x1~1|+|skip_connect~0|nor_conv_3x3~1|nor_conv_3x3~2|""}"
179,72.42,32.2471576952118,0,0.0,"{""benchmark_genotype"": [4, 3, 2, 1, 3, 3], ""arch_id"": 10476, ""architecture_details"": ""|avg_pool_3x3~0|+|nor_conv_3x3~0|nor_conv_1x1~1|+|skip_connect~0|nor_conv_3x3~1|nor_conv_3x3~2|""}"
180,72.42,32.2471576952118,0,0.0,"{""benchmark_genotype"": [4, 3, 2, 1, 3, 3], ""arch_id"": 10476, ""architecture_details"": ""|avg_pool_3x3~0|+|nor_conv_3x3~0|nor_conv_1x1~1|+|skip_connect~0|nor_conv_3x3~1|nor_conv_3x3~2|""}"
181,72.42,32.2471576952118,0,0.0,"{""benchmark_genotype"": [4, 3, 2, 1, 3, 3], ""arch_id"": 10476, ""architecture_details"": ""|avg_pool_3x3~0|+|nor_conv_3x3~0|nor_conv_1x1~1|+|skip_connect~0|nor_conv_3x3~1|nor_conv_3x3~2|""}"
182,72.42,32.2471576952118,0,inf,"{""benchmark_genotype"": [4, 3, 2, 1, 3, 3], ""arch_id"": 10476, ""architecture_details"": ""|avg_pool_3x3~0|+|nor_conv_3x3~0|nor_conv_1x1~1|+|skip_connect~0|nor_conv_3x3~1|nor_conv_3x3~2|""}"
183,63.04,106.33674486422765,0,0.3546910482341902,"{""benchmark_genotype"": [0, 4, 2, 2, 0, 0], ""arch_id"": 13320, ""architecture_details"": ""|none~0|+|avg_pool_3x3~0|nor_conv_1x1~1|+|nor_conv_1x1~0|none~1|none~2|""}"
184,62.6,111.83111086707078,0,0.2704327246934236,"{""benchmark_genotype"": [3, 4, 3, 2, 0, 0], ""arch_id"": 7174, ""architecture_details"": ""|nor_conv_3x3~0|+|avg_pool_3x3~0|nor_conv_3x3~1|+|nor_conv_1x1~0|none~1|none~2|""}"
185,58.3,136.86257198030358,0,inf,"{""benchmark_genotype"": [1, 0, 1, 1, 0, 0], ""arch_id"": 7594, ""architecture_details"": ""|skip_connect~0|+|none~0|skip_connect~1|+|skip_connect~0|none~1|none~2|""}"
186,72.28,29.03181088097756,1,inf,"{""benchmark_genotype"": [3, 3, 2, 1, 2, 3], ""arch_id"": 10165, ""architecture_details"": ""|nor_conv_3x3~0|+|nor_conv_3x3~0|nor_conv_1x1~1|+|skip_connect~0|nor_conv_1x1~1|nor_conv_3x3~2|""}"
187,72.28,29.03181088097756,1,inf,"{""benchmark_genotype"": [3, 3, 2, 1, 2, 3], ""arch_id"": 10165, ""architecture_details"": ""|nor_conv_3x3~0|+|nor_conv_3x3~0|nor_conv_1x1~1|+|skip_connect~0|nor_conv_1x1~1|nor_conv_3x3~2|""}"
188,58.233334,136.26718397323495,1,inf,"{""benchmark_genotype"": [1, 3, 2, 1, 0, 0], ""arch_id"": 657, ""architecture_details"": ""|skip_connect~0|+|nor_conv_3x3~0|nor_conv_1x1~1|+|skip_connect~0|none~1|none~2|""}"
189,66.986664,74.78944061350079,1,1.2902151658218761,"{""benchmark_genotype"": [1, 3, 0, 1, 3, 0], ""arch_id"": 2805, ""architecture_details"": ""|skip_connect~0|+|nor_conv_3x3~0|none~1|+|skip_connect~0|nor_conv_3x3~1|none~2|""}"
190,61.92,100.20891052621954,1,1.1964579239345887,"{""benchmark_genotype"": [0, 4, 3, 2, 0, 0], ""arch_id"": 9067, ""architecture_details"": ""|none~0|+|avg_pool_3x3~0|nor_conv_3x3~1|+|nor_conv_1x1~0|none~1|none~2|""}"
191,71.04,31.476314702712504,1,0.8035420760654113,"{""benchmark_genotype"": [3, 4, 2, 1, 2, 3], ""arch_id"": 15485, ""architecture_details"": ""|nor_conv_3x3~0|+|avg_pool_3x3~0|nor_conv_1x1~1|+|skip_connect~0|nor_conv_1x1~1|nor_conv_3x3~2|""}"
