run_id,context_id,archid,device,dataset,accuracy,latency,runtime_sec,evaluations
1,1,13714,edgegpu,cifar10,94.373340,6.772180,2.149341,4750
1,1,1339,edgegpu,cifar10,92.136665,1.751881,2.149341,4750
1,1,2053,edgegpu,cifar10,94.206665,5.482254,2.149341,4750
1,1,11810,edgegpu,cifar10,92.780000,1.992798,2.149341,4750
1,1,1459,edgegpu,cifar10,94.296670,6.748991,2.149341,4750
1,1,10484,edgegpu,cifar10,93.810000,3.354015,2.149341,4750
1,1,5292,edgegpu,cifar10,94.293335,6.663151,2.149341,4750
1,1,6330,edgegpu,cifar10,94.006670,4.384699,2.149341,4750
1,1,13401,edgegpu,cifar10,87.010000,1.457009,2.149341,4750
1,1,11692,edgegpu,cifar10,94.130000,4.708362,2.149341,4750
1,1,5400,edgegpu,cifar10,86.630000,1.427460,2.149341,4750
1,1,11438,edgegpu,cifar10,92.500000,1.846719,2.149341,4750
1,1,561,edgegpu,cifar10,86.880000,1.451068,2.149341,4750
1,1,5780,edgegpu,cifar10,93.980000,3.361888,2.149341,4750
1,1,6960,edgegpu,cifar10,92.280000,1.764450,2.149341,4750
1,1,2776,edgegpu,cifar10,93.666664,3.331194,2.149341,4750
1,1,15200,edgegpu,cifar10,10.000000,0.501385,2.149341,4750
1,1,14527,edgegpu,cifar10,86.765000,1.439619,2.149341,4750
1,1,258,edgegpu,cifar10,93.640000,3.307109,2.149341,4750
1,1,6950,edgegpu,cifar10,92.000000,1.738467,2.149341,4750
1,2,4418,edgegpu,cifar100,72.746666,5.352364,2.831062,4750
1,2,12415,edgegpu,cifar100,71.940000,4.828467,2.831062,4750
1,2,9930,edgegpu,cifar100,73.513336,6.803060,2.831062,4750
1,2,4954,edgegpu,cifar100,73.000000,6.669736,2.831062,4750
1,2,2778,edgegpu,cifar100,72.993330,6.134028,2.831062,4750
1,2,1425,edgegpu,cifar100,72.093330,5.310225,2.831062,4750
1,2,9997,edgegpu,cifar100,71.520000,3.466139,2.831062,4750
1,2,1509,edgegpu,cifar100,1.000000,0.505853,2.831062,4750
1,2,8401,edgegpu,cifar100,71.080000,3.302102,2.831062,4750
1,2,8912,edgegpu,cifar100,59.200000,1.441355,2.831062,4750
1,2,11885,edgegpu,cifar100,68.040000,1.776652,2.831062,4750
1,2,11067,edgegpu,cifar100,58.186670,1.427836,2.831062,4750
1,2,2304,edgegpu,cifar100,58.660000,1.440253,2.831062,4750
1,2,14677,edgegpu,cifar100,62.420000,1.746187,2.831062,4750
1,2,11810,edgegpu,cifar100,68.300000,1.779551,2.831062,4750
1,2,3888,edgegpu,cifar100,73.260000,6.797867,2.831062,4750
1,2,6124,edgegpu,cifar100,68.360000,3.185835,2.831062,4750
1,2,1038,edgegpu,cifar100,67.500000,1.758428,2.831062,4750
1,2,9922,edgegpu,cifar100,58.560000,1.428552,2.831062,4750
1,3,9586,edgegpu,ImageNet16-120,46.933334,5.222673,2.178328,4750
1,3,15376,edgegpu,ImageNet16-120,0.833333,0.533953,2.178328,4750
1,3,12415,edgegpu,ImageNet16-120,46.566666,4.667692,2.178328,4750
1,3,15288,edgegpu,ImageNet16-120,28.422222,1.417041,2.178328,4750
1,3,5751,edgegpu,ImageNet16-120,40.044445,2.434626,2.178328,4750
1,3,8884,edgegpu,ImageNet16-120,45.033333,3.499999,2.178328,4750
1,3,8401,edgegpu,ImageNet16-120,43.833332,3.322444,2.178328,4750
1,3,4988,edgegpu,ImageNet16-120,28.933332,1.448212,2.178328,4750
1,3,6950,edgegpu,ImageNet16-120,38.700000,1.740150,2.178328,4750
1,3,8426,edgegpu,ImageNet16-120,44.633335,3.370147,2.178328,4750
1,3,13760,edgegpu,ImageNet16-120,32.333332,1.739759,2.178328,4750
1,3,15159,edgegpu,ImageNet16-120,45.566666,4.632421,2.178328,4750
1,3,2650,edgegpu,ImageNet16-120,42.433334,3.309817,2.178328,4750
1,3,10947,edgegpu,ImageNet16-120,39.944443,1.909800,2.178328,4750
1,3,14840,edgegpu,ImageNet16-120,45.311110,4.224715,2.178328,4750
1,3,13411,edgegpu,ImageNet16-120,31.855556,1.736240,2.178328,4750
1,3,454,edgegpu,ImageNet16-120,41.277780,3.303313,2.178328,4750
1,3,857,edgegpu,ImageNet16-120,47.311110,6.707663,2.178328,4750
1,3,15383,edgegpu,ImageNet16-120,47.033333,6.262836,2.178328,4750
1,3,4160,edgegpu,ImageNet16-120,39.833332,1.756272,2.178328,4750
2,1,1339,edgegpu,cifar10,92.136665,1.751881,1.989084,4750
2,1,5292,edgegpu,cifar10,94.293335,6.663151,1.989084,4750
2,1,15200,edgegpu,cifar10,10.000000,0.501385,1.989084,4750
2,1,10484,edgegpu,cifar10,93.810000,3.354015,1.989084,4750
2,1,13714,edgegpu,cifar10,94.373340,6.772180,1.989084,4750
2,1,2053,edgegpu,cifar10,94.206665,5.482254,1.989084,4750
2,1,1459,edgegpu,cifar10,94.296670,6.748991,1.989084,4750
2,1,6330,edgegpu,cifar10,94.006670,4.384699,1.989084,4750
2,1,11692,edgegpu,cifar10,94.130000,4.708362,1.989084,4750
2,1,5780,edgegpu,cifar10,93.980000,3.361888,1.989084,4750
2,1,13401,edgegpu,cifar10,87.010000,1.457009,1.989084,4750
2,1,6960,edgegpu,cifar10,92.280000,1.764450,1.989084,4750
2,1,561,edgegpu,cifar10,86.880000,1.451068,1.989084,4750
2,1,5400,edgegpu,cifar10,86.630000,1.427460,1.989084,4750
2,1,11810,edgegpu,cifar10,92.780000,1.992798,1.989084,4750
2,1,6950,edgegpu,cifar10,92.000000,1.738467,1.989084,4750
2,1,258,edgegpu,cifar10,93.640000,3.307109,1.989084,4750
2,1,14527,edgegpu,cifar10,86.765000,1.439619,1.989084,4750
2,1,11438,edgegpu,cifar10,92.500000,1.846719,1.989084,4750
2,1,2776,edgegpu,cifar10,93.666664,3.331194,1.989084,4750
2,2,6381,edgegpu,cifar100,66.800000,1.753340,3.040605,4750
2,2,2778,edgegpu,cifar100,72.993330,6.134028,3.040605,4750
2,2,4954,edgegpu,cifar100,73.000000,6.669736,3.040605,4750
2,2,9930,edgegpu,cifar100,73.513336,6.803060,3.040605,4750
2,2,8401,edgegpu,cifar100,71.080000,3.302102,3.040605,4750
2,2,9997,edgegpu,cifar100,71.520000,3.466139,3.040605,4750
2,2,9922,edgegpu,cifar100,58.560000,1.428552,3.040605,4750
2,2,12415,edgegpu,cifar100,71.940000,4.828467,3.040605,4750
2,2,11810,edgegpu,cifar100,68.300000,1.779551,3.040605,4750
2,2,4418,edgegpu,cifar100,72.746666,5.352364,3.040605,4750
2,2,1509,edgegpu,cifar100,1.000000,0.505853,3.040605,4750
2,2,8912,edgegpu,cifar100,59.200000,1.441355,3.040605,4750
2,2,11885,edgegpu,cifar100,68.040000,1.776652,3.040605,4750
2,2,2304,edgegpu,cifar100,58.660000,1.440253,3.040605,4750
2,2,1425,edgegpu,cifar100,72.093330,5.310225,3.040605,4750
2,2,3888,edgegpu,cifar100,73.260000,6.797867,3.040605,4750
2,2,1038,edgegpu,cifar100,67.500000,1.758428,3.040605,4750
2,3,4988,edgegpu,ImageNet16-120,28.933332,1.448212,2.036742,4750
2,3,15288,edgegpu,ImageNet16-120,28.422222,1.417041,2.036742,4750
2,3,12415,edgegpu,ImageNet16-120,46.566666,4.667692,2.036742,4750
2,3,6950,edgegpu,ImageNet16-120,38.700000,1.740150,2.036742,4750
2,3,15376,edgegpu,ImageNet16-120,0.833333,0.533953,2.036742,4750
2,3,8426,edgegpu,ImageNet16-120,44.633335,3.370147,2.036742,4750
2,3,10947,edgegpu,ImageNet16-120,39.944443,1.909800,2.036742,4750
2,3,9722,edgegpu,ImageNet16-120,44.000000,3.327813,2.036742,4750
2,3,11217,edgegpu,ImageNet16-120,43.466667,3.316708,2.036742,4750
2,3,8884,edgegpu,ImageNet16-120,45.033333,3.499999,2.036742,4750
2,3,12081,edgegpu,ImageNet16-120,40.233334,2.730479,2.036742,4750
2,3,4160,edgegpu,ImageNet16-120,39.833332,1.756272,2.036742,4750
2,3,15383,edgegpu,ImageNet16-120,47.033333,6.262836,2.036742,4750
2,3,2650,edgegpu,ImageNet16-120,42.433334,3.309817,2.036742,4750
2,3,857,edgegpu,ImageNet16-120,47.311110,6.707663,2.036742,4750
2,3,9586,edgegpu,ImageNet16-120,46.933334,5.222673,2.036742,4750
2,3,15159,edgegpu,ImageNet16-120,45.566666,4.632421,2.036742,4750
2,3,454,edgegpu,ImageNet16-120,41.277780,3.303313,2.036742,4750
2,3,5751,edgegpu,ImageNet16-120,40.044445,2.434626,2.036742,4750
2,3,14840,edgegpu,ImageNet16-120,45.311110,4.224715,2.036742,4750
3,1,6960,edgegpu,cifar10,92.280000,1.764450,2.111709,4750
3,1,11438,edgegpu,cifar10,92.500000,1.846719,2.111709,4750
3,1,5292,edgegpu,cifar10,94.293335,6.663151,2.111709,4750
3,1,258,edgegpu,cifar10,93.640000,3.307109,2.111709,4750
3,1,13401,edgegpu,cifar10,87.010000,1.457009,2.111709,4750
3,1,13714,edgegpu,cifar10,94.373340,6.772180,2.111709,4750
3,1,1459,edgegpu,cifar10,94.296670,6.748991,2.111709,4750
3,1,5400,edgegpu,cifar10,86.630000,1.427460,2.111709,4750
3,1,2053,edgegpu,cifar10,94.206665,5.482254,2.111709,4750
3,1,11810,edgegpu,cifar10,92.780000,1.992798,2.111709,4750
3,1,6330,edgegpu,cifar10,94.006670,4.384699,2.111709,4750
3,1,561,edgegpu,cifar10,86.880000,1.451068,2.111709,4750
3,1,5780,edgegpu,cifar10,93.980000,3.361888,2.111709,4750
3,1,14527,edgegpu,cifar10,86.765000,1.439619,2.111709,4750
3,1,11692,edgegpu,cifar10,94.130000,4.708362,2.111709,4750
3,1,2776,edgegpu,cifar10,93.666664,3.331194,2.111709,4750
3,1,15200,edgegpu,cifar10,10.000000,0.501385,2.111709,4750
3,1,10484,edgegpu,cifar10,93.810000,3.354015,2.111709,4750
3,1,6950,edgegpu,cifar10,92.000000,1.738467,2.111709,4750
3,1,1339,edgegpu,cifar10,92.136665,1.751881,2.111709,4750
3,2,1509,edgegpu,cifar100,1.000000,0.505853,2.775258,4750
3,2,12415,edgegpu,cifar100,71.940000,4.828467,2.775258,4750
3,2,4418,edgegpu,cifar100,72.746666,5.352364,2.775258,4750
3,2,9930,edgegpu,cifar100,73.513336,6.803060,2.775258,4750
3,2,8401,edgegpu,cifar100,71.080000,3.302102,2.775258,4750
3,2,2778,edgegpu,cifar100,72.993330,6.134028,2.775258,4750
3,2,11885,edgegpu,cifar100,68.040000,1.776652,2.775258,4750
3,2,3888,edgegpu,cifar100,73.260000,6.797867,2.775258,4750
3,2,11810,edgegpu,cifar100,68.300000,1.779551,2.775258,4750
3,2,4954,edgegpu,cifar100,73.000000,6.669736,2.775258,4750
3,2,6124,edgegpu,cifar100,68.360000,3.185835,2.775258,4750
3,2,8912,edgegpu,cifar100,59.200000,1.441355,2.775258,4750
3,2,1425,edgegpu,cifar100,72.093330,5.310225,2.775258,4750
3,2,2304,edgegpu,cifar100,58.660000,1.440253,2.775258,4750
3,2,9997,edgegpu,cifar100,71.520000,3.466139,2.775258,4750
3,2,14677,edgegpu,cifar100,62.420000,1.746187,2.775258,4750
3,2,11067,edgegpu,cifar100,58.186670,1.427836,2.775258,4750
3,2,1038,edgegpu,cifar100,67.500000,1.758428,2.775258,4750
3,2,9922,edgegpu,cifar100,58.560000,1.428552,2.775258,4750
3,3,454,edgegpu,ImageNet16-120,41.277780,3.303313,2.146167,4750
3,3,15159,edgegpu,ImageNet16-120,45.566666,4.632421,2.146167,4750
3,3,12415,edgegpu,ImageNet16-120,46.566666,4.667692,2.146167,4750
3,3,11217,edgegpu,ImageNet16-120,43.466667,3.316708,2.146167,4750
3,3,8426,edgegpu,ImageNet16-120,44.633335,3.370147,2.146167,4750
3,3,9586,edgegpu,ImageNet16-120,46.933334,5.222673,2.146167,4750
3,3,8884,edgegpu,ImageNet16-120,45.033333,3.499999,2.146167,4750
3,3,5751,edgegpu,ImageNet16-120,40.044445,2.434626,2.146167,4750
3,3,9722,edgegpu,ImageNet16-120,44.000000,3.327813,2.146167,4750
3,3,4988,edgegpu,ImageNet16-120,28.933332,1.448212,2.146167,4750
3,3,14840,edgegpu,ImageNet16-120,45.311110,4.224715,2.146167,4750
3,3,6950,edgegpu,ImageNet16-120,38.700000,1.740150,2.146167,4750
3,3,15288,edgegpu,ImageNet16-120,28.422222,1.417041,2.146167,4750
3,3,15376,edgegpu,ImageNet16-120,0.833333,0.533953,2.146167,4750
3,3,10947,edgegpu,ImageNet16-120,39.944443,1.909800,2.146167,4750
3,3,2650,edgegpu,ImageNet16-120,42.433334,3.309817,2.146167,4750
3,3,857,edgegpu,ImageNet16-120,47.311110,6.707663,2.146167,4750
3,3,15383,edgegpu,ImageNet16-120,47.033333,6.262836,2.146167,4750
3,3,13760,edgegpu,ImageNet16-120,32.333332,1.739759,2.146167,4750
3,3,9077,edgegpu,ImageNet16-120,39.500000,1.801076,2.146167,4750
4,1,5780,edgegpu,cifar10,93.980000,3.361888,2.156472,4750
4,1,5292,edgegpu,cifar10,94.293335,6.663151,2.156472,4750
4,1,2053,edgegpu,cifar10,94.206665,5.482254,2.156472,4750
4,1,13714,edgegpu,cifar10,94.373340,6.772180,2.156472,4750
4,1,1459,edgegpu,cifar10,94.296670,6.748991,2.156472,4750
4,1,11810,edgegpu,cifar10,92.780000,1.992798,2.156472,4750
4,1,1339,edgegpu,cifar10,92.136665,1.751881,2.156472,4750
4,1,6330,edgegpu,cifar10,94.006670,4.384699,2.156472,4750
4,1,13401,edgegpu,cifar10,87.010000,1.457009,2.156472,4750
4,1,2776,edgegpu,cifar10,93.666664,3.331194,2.156472,4750
4,1,6960,edgegpu,cifar10,92.280000,1.764450,2.156472,4750
4,1,561,edgegpu,cifar10,86.880000,1.451068,2.156472,4750
4,1,11692,edgegpu,cifar10,94.130000,4.708362,2.156472,4750
4,1,258,edgegpu,cifar10,93.640000,3.307109,2.156472,4750
4,1,10484,edgegpu,cifar10,93.810000,3.354015,2.156472,4750
4,1,15200,edgegpu,cifar10,10.000000,0.501385,2.156472,4750
4,1,6950,edgegpu,cifar10,92.000000,1.738467,2.156472,4750
4,1,14527,edgegpu,cifar10,86.765000,1.439619,2.156472,4750
4,1,5400,edgegpu,cifar10,86.630000,1.427460,2.156472,4750
4,1,10683,edgegpu,cifar10,92.330000,1.924162,2.156472,4750
4,2,6124,edgegpu,cifar100,68.360000,3.185835,2.800779,4750
4,2,9930,edgegpu,cifar100,73.513336,6.803060,2.800779,4750
4,2,2778,edgegpu,cifar100,72.993330,6.134028,2.800779,4750
4,2,11067,edgegpu,cifar100,58.186670,1.427836,2.800779,4750
4,2,4954,edgegpu,cifar100,73.000000,6.669736,2.800779,4750
4,2,12415,edgegpu,cifar100,71.940000,4.828467,2.800779,4750
4,2,4418,edgegpu,cifar100,72.746666,5.352364,2.800779,4750
4,2,14677,edgegpu,cifar100,62.420000,1.746187,2.800779,4750
4,2,8401,edgegpu,cifar100,71.080000,3.302102,2.800779,4750
4,2,1509,edgegpu,cifar100,1.000000,0.505853,2.800779,4750
4,2,8912,edgegpu,cifar100,59.200000,1.441355,2.800779,4750
4,2,3888,edgegpu,cifar100,73.260000,6.797867,2.800779,4750
4,2,2304,edgegpu,cifar100,58.660000,1.440253,2.800779,4750
4,2,1425,edgegpu,cifar100,72.093330,5.310225,2.800779,4750
4,2,4609,edgegpu,cifar100,66.520000,1.758838,2.800779,4750
4,2,11810,edgegpu,cifar100,68.300000,1.779551,2.800779,4750
4,2,11885,edgegpu,cifar100,68.040000,1.776652,2.800779,4750
4,2,14300,edgegpu,cifar100,67.300000,1.765666,2.800779,4750
4,2,9997,edgegpu,cifar100,71.520000,3.466139,2.800779,4750
4,2,14984,edgegpu,cifar100,67.166664,1.760831,2.800779,4750
4,3,4988,edgegpu,ImageNet16-120,28.933332,1.448212,2.144509,4750
4,3,8426,edgegpu,ImageNet16-120,44.633335,3.370147,2.144509,4750
4,3,15159,edgegpu,ImageNet16-120,45.566666,4.632421,2.144509,4750
4,3,15376,edgegpu,ImageNet16-120,0.833333,0.533953,2.144509,4750
4,3,15288,edgegpu,ImageNet16-120,28.422222,1.417041,2.144509,4750
4,3,857,edgegpu,ImageNet16-120,47.311110,6.707663,2.144509,4750
4,3,6950,edgegpu,ImageNet16-120,38.700000,1.740150,2.144509,4750
4,3,8884,edgegpu,ImageNet16-120,45.033333,3.499999,2.144509,4750
4,3,10947,edgegpu,ImageNet16-120,39.944443,1.909800,2.144509,4750
4,3,9586,edgegpu,ImageNet16-120,46.933334,5.222673,2.144509,4750
4,3,8355,edgegpu,ImageNet16-120,39.666668,1.810203,2.144509,4750
4,3,12415,edgegpu,ImageNet16-120,46.566666,4.667692,2.144509,4750
4,3,2650,edgegpu,ImageNet16-120,42.433334,3.309817,2.144509,4750
4,3,15383,edgegpu,ImageNet16-120,47.033333,6.262836,2.144509,4750
4,3,14840,edgegpu,ImageNet16-120,45.311110,4.224715,2.144509,4750
4,3,12812,edgegpu,ImageNet16-120,40.100000,3.174190,2.144509,4750
4,3,13411,edgegpu,ImageNet16-120,31.855556,1.736240,2.144509,4750
4,3,1449,edgegpu,ImageNet16-120,40.077778,3.075252,2.144509,4750
4,3,8401,edgegpu,ImageNet16-120,43.833332,3.322444,2.144509,4750
4,3,454,edgegpu,ImageNet16-120,41.277780,3.303313,2.144509,4750
5,1,1459,edgegpu,cifar10,94.296670,6.748991,1.723248,4750
5,1,5400,edgegpu,cifar10,86.630000,1.427460,1.723248,4750
5,1,11810,edgegpu,cifar10,92.780000,1.992798,1.723248,4750
5,1,11692,edgegpu,cifar10,94.130000,4.708362,1.723248,4750
5,1,10484,edgegpu,cifar10,93.810000,3.354015,1.723248,4750
5,1,6960,edgegpu,cifar10,92.280000,1.764450,1.723248,4750
5,1,5780,edgegpu,cifar10,93.980000,3.361888,1.723248,4750
5,1,6499,edgegpu,cifar10,93.645000,3.331041,1.723248,4750
5,1,13401,edgegpu,cifar10,87.010000,1.457009,1.723248,4750
5,1,258,edgegpu,cifar10,93.640000,3.307109,1.723248,4750
5,1,2776,edgegpu,cifar10,93.666664,3.331194,1.723248,4750
5,1,6950,edgegpu,cifar10,92.000000,1.738467,1.723248,4750
5,1,561,edgegpu,cifar10,86.880000,1.451068,1.723248,4750
5,1,1339,edgegpu,cifar10,92.136665,1.751881,1.723248,4750
5,1,13714,edgegpu,cifar10,94.373340,6.772180,1.723248,4750
5,1,2053,edgegpu,cifar10,94.206665,5.482254,1.723248,4750
5,1,6330,edgegpu,cifar10,94.006670,4.384699,1.723248,4750
5,1,15200,edgegpu,cifar10,10.000000,0.501385,1.723248,4750
5,1,14527,edgegpu,cifar10,86.765000,1.439619,1.723248,4750
5,1,5292,edgegpu,cifar10,94.293335,6.663151,1.723248,4750
5,2,9922,edgegpu,cifar100,58.560000,1.428552,2.767338,4750
5,2,12415,edgegpu,cifar100,71.940000,4.828467,2.767338,4750
5,2,9930,edgegpu,cifar100,73.513336,6.803060,2.767338,4750
5,2,2778,edgegpu,cifar100,72.993330,6.134028,2.767338,4750
5,2,4954,edgegpu,cifar100,73.000000,6.669736,2.767338,4750
5,2,8401,edgegpu,cifar100,71.080000,3.302102,2.767338,4750
5,2,3888,edgegpu,cifar100,73.260000,6.797867,2.767338,4750
5,2,4418,edgegpu,cifar100,72.746666,5.352364,2.767338,4750
5,2,1425,edgegpu,cifar100,72.093330,5.310225,2.767338,4750
5,2,6124,edgegpu,cifar100,68.360000,3.185835,2.767338,4750
5,2,1509,edgegpu,cifar100,1.000000,0.505853,2.767338,4750
5,2,11885,edgegpu,cifar100,68.040000,1.776652,2.767338,4750
5,2,8912,edgegpu,cifar100,59.200000,1.441355,2.767338,4750
5,2,3953,edgegpu,cifar100,62.613335,1.757269,2.767338,4750
5,2,9997,edgegpu,cifar100,71.520000,3.466139,2.767338,4750
5,2,1038,edgegpu,cifar100,67.500000,1.758428,2.767338,4750
5,2,2304,edgegpu,cifar100,58.660000,1.440253,2.767338,4750
5,2,11810,edgegpu,cifar100,68.300000,1.779551,2.767338,4750
5,2,11067,edgegpu,cifar100,58.186670,1.427836,2.767338,4750
5,2,14089,edgegpu,cifar100,61.806667,1.752892,2.767338,4750
5,3,5751,edgegpu,ImageNet16-120,40.044445,2.434626,2.331366,4750
5,3,857,edgegpu,ImageNet16-120,47.311110,6.707663,2.331366,4750
5,3,8884,edgegpu,ImageNet16-120,45.033333,3.499999,2.331366,4750
5,3,2650,edgegpu,ImageNet16-120,42.433334,3.309817,2.331366,4750
5,3,12415,edgegpu,ImageNet16-120,46.566666,4.667692,2.331366,4750
5,3,15376,edgegpu,ImageNet16-120,0.833333,0.533953,2.331366,4750
5,3,15159,edgegpu,ImageNet16-120,45.566666,4.632421,2.331366,4750
5,3,13760,edgegpu,ImageNet16-120,32.333332,1.739759,2.331366,4750
5,3,15383,edgegpu,ImageNet16-120,47.033333,6.262836,2.331366,4750
5,3,4988,edgegpu,ImageNet16-120,28.933332,1.448212,2.331366,4750
5,3,15288,edgegpu,ImageNet16-120,28.422222,1.417041,2.331366,4750
5,3,6950,edgegpu,ImageNet16-120,38.700000,1.740150,2.331366,4750
5,3,8426,edgegpu,ImageNet16-120,44.633335,3.370147,2.331366,4750
5,3,11217,edgegpu,ImageNet16-120,43.466667,3.316708,2.331366,4750
5,3,4160,edgegpu,ImageNet16-120,39.833332,1.756272,2.331366,4750
5,3,9722,edgegpu,ImageNet16-120,44.000000,3.327813,2.331366,4750
5,3,9586,edgegpu,ImageNet16-120,46.933334,5.222673,2.331366,4750
5,3,12812,edgegpu,ImageNet16-120,40.100000,3.174190,2.331366,4750
5,3,14840,edgegpu,ImageNet16-120,45.311110,4.224715,2.331366,4750
5,3,454,edgegpu,ImageNet16-120,41.277780,3.303313,2.331366,4750
6,1,15200,edgegpu,cifar10,10.000000,0.501385,2.039787,4750
6,1,11438,edgegpu,cifar10,92.500000,1.846719,2.039787,4750
6,1,1459,edgegpu,cifar10,94.296670,6.748991,2.039787,4750
6,1,13714,edgegpu,cifar10,94.373340,6.772180,2.039787,4750
6,1,2053,edgegpu,cifar10,94.206665,5.482254,2.039787,4750
6,1,6330,edgegpu,cifar10,94.006670,4.384699,2.039787,4750
6,1,561,edgegpu,cifar10,86.880000,1.451068,2.039787,4750
6,1,6960,edgegpu,cifar10,92.280000,1.764450,2.039787,4750
6,1,5780,edgegpu,cifar10,93.980000,3.361888,2.039787,4750
6,1,2776,edgegpu,cifar10,93.666664,3.331194,2.039787,4750
6,1,10484,edgegpu,cifar10,93.810000,3.354015,2.039787,4750
6,1,13401,edgegpu,cifar10,87.010000,1.457009,2.039787,4750
6,1,11692,edgegpu,cifar10,94.130000,4.708362,2.039787,4750
6,1,5292,edgegpu,cifar10,94.293335,6.663151,2.039787,4750
6,1,5400,edgegpu,cifar10,86.630000,1.427460,2.039787,4750
6,1,258,edgegpu,cifar10,93.640000,3.307109,2.039787,4750
6,1,1339,edgegpu,cifar10,92.136665,1.751881,2.039787,4750
6,1,11810,edgegpu,cifar10,92.780000,1.992798,2.039787,4750
6,1,14090,edgegpu,cifar10,92.086670,1.749086,2.039787,4750
6,1,14527,edgegpu,cifar10,86.765000,1.439619,2.039787,4750
6,2,9930,edgegpu,cifar100,73.513336,6.803060,2.657360,4750
6,2,11067,edgegpu,cifar100,58.186670,1.427836,2.657360,4750
6,2,8401,edgegpu,cifar100,71.080000,3.302102,2.657360,4750
6,2,12415,edgegpu,cifar100,71.940000,4.828467,2.657360,4750
6,2,4954,edgegpu,cifar100,73.000000,6.669736,2.657360,4750
6,2,2778,edgegpu,cifar100,72.993330,6.134028,2.657360,4750
6,2,4418,edgegpu,cifar100,72.746666,5.352364,2.657360,4750
6,2,1509,edgegpu,cifar100,1.000000,0.505853,2.657360,4750
6,2,8912,edgegpu,cifar100,59.200000,1.441355,2.657360,4750
6,2,1425,edgegpu,cifar100,72.093330,5.310225,2.657360,4750
6,2,11885,edgegpu,cifar100,68.040000,1.776652,2.657360,4750
6,2,9997,edgegpu,cifar100,71.520000,3.466139,2.657360,4750
6,2,2304,edgegpu,cifar100,58.660000,1.440253,2.657360,4750
6,2,3888,edgegpu,cifar100,73.260000,6.797867,2.657360,4750
6,2,11810,edgegpu,cifar100,68.300000,1.779551,2.657360,4750
6,2,14677,edgegpu,cifar100,62.420000,1.746187,2.657360,4750
6,2,9922,edgegpu,cifar100,58.560000,1.428552,2.657360,4750
6,2,1038,edgegpu,cifar100,67.500000,1.758428,2.657360,4750
6,2,6124,edgegpu,cifar100,68.360000,3.185835,2.657360,4750
6,2,3953,edgegpu,cifar100,62.613335,1.757269,2.657360,4750
6,3,11217,edgegpu,ImageNet16-120,43.466667,3.316708,3.396010,4750
6,3,14840,edgegpu,ImageNet16-120,45.311110,4.224715,3.396010,4750
6,3,12415,edgegpu,ImageNet16-120,46.566666,4.667692,3.396010,4750
6,3,8426,edgegpu,ImageNet16-120,44.633335,3.370147,3.396010,4750
6,3,8884,edgegpu,ImageNet16-120,45.033333,3.499999,3.396010,4750
6,3,9586,edgegpu,ImageNet16-120,46.933334,5.222673,3.396010,4750
6,3,10947,edgegpu,ImageNet16-120,39.944443,1.909800,3.396010,4750
6,3,4988,edgegpu,ImageNet16-120,28.933332,1.448212,3.396010,4750
6,3,15159,edgegpu,ImageNet16-120,45.566666,4.632421,3.396010,4750
6,3,857,edgegpu,ImageNet16-120,47.311110,6.707663,3.396010,4750
6,3,2650,edgegpu,ImageNet16-120,42.433334,3.309817,3.396010,4750
6,3,15288,edgegpu,ImageNet16-120,28.422222,1.417041,3.396010,4750
6,3,5751,edgegpu,ImageNet16-120,40.044445,2.434626,3.396010,4750
6,3,15383,edgegpu,ImageNet16-120,47.033333,6.262836,3.396010,4750
6,3,6950,edgegpu,ImageNet16-120,38.700000,1.740150,3.396010,4750
6,3,15376,edgegpu,ImageNet16-120,0.833333,0.533953,3.396010,4750
6,3,12812,edgegpu,ImageNet16-120,40.100000,3.174190,3.396010,4750
6,3,454,edgegpu,ImageNet16-120,41.277780,3.303313,3.396010,4750
6,3,5674,edgegpu,ImageNet16-120,39.650000,1.763358,3.396010,4750
6,3,9722,edgegpu,ImageNet16-120,44.000000,3.327813,3.396010,4750
7,1,13401,edgegpu,cifar10,87.010000,1.457009,2.301599,4750
7,1,11692,edgegpu,cifar10,94.130000,4.708362,2.301599,4750
7,1,5400,edgegpu,cifar10,86.630000,1.427460,2.301599,4750
7,1,11438,edgegpu,cifar10,92.500000,1.846719,2.301599,4750
7,1,5780,edgegpu,cifar10,93.980000,3.361888,2.301599,4750
7,1,258,edgegpu,cifar10,93.640000,3.307109,2.301599,4750
7,1,10484,edgegpu,cifar10,93.810000,3.354015,2.301599,4750
7,1,15200,edgegpu,cifar10,10.000000,0.501385,2.301599,4750
7,1,6950,edgegpu,cifar10,92.000000,1.738467,2.301599,4750
7,1,561,edgegpu,cifar10,86.880000,1.451068,2.301599,4750
7,1,13714,edgegpu,cifar10,94.373340,6.772180,2.301599,4750
7,1,2776,edgegpu,cifar10,93.666664,3.331194,2.301599,4750
7,1,1459,edgegpu,cifar10,94.296670,6.748991,2.301599,4750
7,1,2053,edgegpu,cifar10,94.206665,5.482254,2.301599,4750
7,1,6330,edgegpu,cifar10,94.006670,4.384699,2.301599,4750
7,1,14527,edgegpu,cifar10,86.765000,1.439619,2.301599,4750
7,1,11810,edgegpu,cifar10,92.780000,1.992798,2.301599,4750
7,1,6960,edgegpu,cifar10,92.280000,1.764450,2.301599,4750
7,1,1339,edgegpu,cifar10,92.136665,1.751881,2.301599,4750
7,1,5292,edgegpu,cifar10,94.293335,6.663151,2.301599,4750
7,2,9930,edgegpu,cifar100,73.513336,6.803060,3.226706,4750
7,2,4954,edgegpu,cifar100,73.000000,6.669736,3.226706,4750
7,2,6381,edgegpu,cifar100,66.800000,1.753340,3.226706,4750
7,2,6124,edgegpu,cifar100,68.360000,3.185835,3.226706,4750
7,2,8401,edgegpu,cifar100,71.080000,3.302102,3.226706,4750
7,2,8912,edgegpu,cifar100,59.200000,1.441355,3.226706,4750
7,2,9922,edgegpu,cifar100,58.560000,1.428552,3.226706,4750
7,2,2778,edgegpu,cifar100,72.993330,6.134028,3.226706,4750
7,2,12415,edgegpu,cifar100,71.940000,4.828467,3.226706,4750
7,2,1509,edgegpu,cifar100,1.000000,0.505853,3.226706,4750
7,2,11810,edgegpu,cifar100,68.300000,1.779551,3.226706,4750
7,2,3888,edgegpu,cifar100,73.260000,6.797867,3.226706,4750
7,2,1038,edgegpu,cifar100,67.500000,1.758428,3.226706,4750
7,2,4418,edgegpu,cifar100,72.746666,5.352364,3.226706,4750
7,2,11067,edgegpu,cifar100,58.186670,1.427836,3.226706,4750
7,2,1425,edgegpu,cifar100,72.093330,5.310225,3.226706,4750
7,2,9997,edgegpu,cifar100,71.520000,3.466139,3.226706,4750
7,2,2304,edgegpu,cifar100,58.660000,1.440253,3.226706,4750
7,2,11885,edgegpu,cifar100,68.040000,1.776652,3.226706,4750
7,2,14677,edgegpu,cifar100,62.420000,1.746187,3.226706,4750
7,3,8426,edgegpu,ImageNet16-120,44.633335,3.370147,2.601405,4750
7,3,9586,edgegpu,ImageNet16-120,46.933334,5.222673,2.601405,4750
7,3,4988,edgegpu,ImageNet16-120,28.933332,1.448212,2.601405,4750
7,3,9722,edgegpu,ImageNet16-120,44.000000,3.327813,2.601405,4750
7,3,15159,edgegpu,ImageNet16-120,45.566666,4.632421,2.601405,4750
7,3,8884,edgegpu,ImageNet16-120,45.033333,3.499999,2.601405,4750
7,3,12415,edgegpu,ImageNet16-120,46.566666,4.667692,2.601405,4750
7,3,5751,edgegpu,ImageNet16-120,40.044445,2.434626,2.601405,4750
7,3,15376,edgegpu,ImageNet16-120,0.833333,0.533953,2.601405,4750
7,3,15288,edgegpu,ImageNet16-120,28.422222,1.417041,2.601405,4750
7,3,2650,edgegpu,ImageNet16-120,42.433334,3.309817,2.601405,4750
7,3,14840,edgegpu,ImageNet16-120,45.311110,4.224715,2.601405,4750
7,3,11217,edgegpu,ImageNet16-120,43.466667,3.316708,2.601405,4750
7,3,4160,edgegpu,ImageNet16-120,39.833332,1.756272,2.601405,4750
7,3,6950,edgegpu,ImageNet16-120,38.700000,1.740150,2.601405,4750
7,3,10947,edgegpu,ImageNet16-120,39.944443,1.909800,2.601405,4750
7,3,6636,edgegpu,ImageNet16-120,40.544445,3.305931,2.601405,4750
7,3,857,edgegpu,ImageNet16-120,47.311110,6.707663,2.601405,4750
7,3,15383,edgegpu,ImageNet16-120,47.033333,6.262836,2.601405,4750
7,3,12081,edgegpu,ImageNet16-120,40.233334,2.730479,2.601405,4750
8,1,1459,edgegpu,cifar10,94.296670,6.748991,1.930123,4750
8,1,5400,edgegpu,cifar10,86.630000,1.427460,1.930123,4750
8,1,2053,edgegpu,cifar10,94.206665,5.482254,1.930123,4750
8,1,14527,edgegpu,cifar10,86.765000,1.439619,1.930123,4750
8,1,10484,edgegpu,cifar10,93.810000,3.354015,1.930123,4750
8,1,2776,edgegpu,cifar10,93.666664,3.331194,1.930123,4750
8,1,1339,edgegpu,cifar10,92.136665,1.751881,1.930123,4750
8,1,5780,edgegpu,cifar10,93.980000,3.361888,1.930123,4750
8,1,11692,edgegpu,cifar10,94.130000,4.708362,1.930123,4750
8,1,13401,edgegpu,cifar10,87.010000,1.457009,1.930123,4750
8,1,258,edgegpu,cifar10,93.640000,3.307109,1.930123,4750
8,1,5292,edgegpu,cifar10,94.293335,6.663151,1.930123,4750
8,1,11438,edgegpu,cifar10,92.500000,1.846719,1.930123,4750
8,1,561,edgegpu,cifar10,86.880000,1.451068,1.930123,4750
8,1,6960,edgegpu,cifar10,92.280000,1.764450,1.930123,4750
8,1,13714,edgegpu,cifar10,94.373340,6.772180,1.930123,4750
8,1,6330,edgegpu,cifar10,94.006670,4.384699,1.930123,4750
8,1,11810,edgegpu,cifar10,92.780000,1.992798,1.930123,4750
8,1,15200,edgegpu,cifar10,10.000000,0.501385,1.930123,4750
8,1,6950,edgegpu,cifar10,92.000000,1.738467,1.930123,4750
8,2,6124,edgegpu,cifar100,68.360000,3.185835,3.042361,4750
8,2,1509,edgegpu,cifar100,1.000000,0.505853,3.042361,4750
8,2,8912,edgegpu,cifar100,59.200000,1.441355,3.042361,4750
8,2,9930,edgegpu,cifar100,73.513336,6.803060,3.042361,4750
8,2,9922,edgegpu,cifar100,58.560000,1.428552,3.042361,4750
8,2,4954,edgegpu,cifar100,73.000000,6.669736,3.042361,4750
8,2,2304,edgegpu,cifar100,58.660000,1.440253,3.042361,4750
8,2,2778,edgegpu,cifar100,72.993330,6.134028,3.042361,4750
8,2,3888,edgegpu,cifar100,73.260000,6.797867,3.042361,4750
8,2,8401,edgegpu,cifar100,71.080000,3.302102,3.042361,4750
8,2,4418,edgegpu,cifar100,72.746666,5.352364,3.042361,4750
8,2,11810,edgegpu,cifar100,68.300000,1.779551,3.042361,4750
8,2,12415,edgegpu,cifar100,71.940000,4.828467,3.042361,4750
8,2,1425,edgegpu,cifar100,72.093330,5.310225,3.042361,4750
8,2,11885,edgegpu,cifar100,68.040000,1.776652,3.042361,4750
8,2,9997,edgegpu,cifar100,71.520000,3.466139,3.042361,4750
8,2,1038,edgegpu,cifar100,67.500000,1.758428,3.042361,4750
8,2,11067,edgegpu,cifar100,58.186670,1.427836,3.042361,4750
8,2,14089,edgegpu,cifar100,61.806667,1.752892,3.042361,4750
8,2,6381,edgegpu,cifar100,66.800000,1.753340,3.042361,4750
8,3,454,edgegpu,ImageNet16-120,41.277780,3.303313,2.187117,4750
8,3,9586,edgegpu,ImageNet16-120,46.933334,5.222673,2.187117,4750
8,3,8426,edgegpu,ImageNet16-120,44.633335,3.370147,2.187117,4750
8,3,10835,edgegpu,ImageNet16-120,45.233334,4.434366,2.187117,4750
8,3,15376,edgegpu,ImageNet16-120,0.833333,0.533953,2.187117,4750
8,3,4988,edgegpu,ImageNet16-120,28.933332,1.448212,2.187117,4750
8,3,10947,edgegpu,ImageNet16-120,39.944443,1.909800,2.187117,4750
8,3,8884,edgegpu,ImageNet16-120,45.033333,3.499999,2.187117,4750
8,3,15288,edgegpu,ImageNet16-120,28.422222,1.417041,2.187117,4750
8,3,6950,edgegpu,ImageNet16-120,38.700000,1.740150,2.187117,4750
8,3,2650,edgegpu,ImageNet16-120,42.433334,3.309817,2.187117,4750
8,3,12415,edgegpu,ImageNet16-120,46.566666,4.667692,2.187117,4750
8,3,5751,edgegpu,ImageNet16-120,40.044445,2.434626,2.187117,4750
8,3,12081,edgegpu,ImageNet16-120,40.233334,2.730479,2.187117,4750
8,3,15159,edgegpu,ImageNet16-120,45.566666,4.632421,2.187117,4750
8,3,15383,edgegpu,ImageNet16-120,47.033333,6.262836,2.187117,4750
8,3,13411,edgegpu,ImageNet16-120,31.855556,1.736240,2.187117,4750
8,3,857,edgegpu,ImageNet16-120,47.311110,6.707663,2.187117,4750
8,3,8401,edgegpu,ImageNet16-120,43.833332,3.322444,2.187117,4750
8,3,13760,edgegpu,ImageNet16-120,32.333332,1.739759,2.187117,4750
9,1,6960,edgegpu,cifar10,92.280000,1.764450,2.183709,4750
9,1,13401,edgegpu,cifar10,87.010000,1.457009,2.183709,4750
9,1,2776,edgegpu,cifar10,93.666664,3.331194,2.183709,4750
9,1,258,edgegpu,cifar10,93.640000,3.307109,2.183709,4750
9,1,2053,edgegpu,cifar10,94.206665,5.482254,2.183709,4750
9,1,5292,edgegpu,cifar10,94.293335,6.663151,2.183709,4750
9,1,13714,edgegpu,cifar10,94.373340,6.772180,2.183709,4750
9,1,5400,edgegpu,cifar10,86.630000,1.427460,2.183709,4750
9,1,11438,edgegpu,cifar10,92.500000,1.846719,2.183709,4750
9,1,1459,edgegpu,cifar10,94.296670,6.748991,2.183709,4750
9,1,11810,edgegpu,cifar10,92.780000,1.992798,2.183709,4750
9,1,11692,edgegpu,cifar10,94.130000,4.708362,2.183709,4750
9,1,5780,edgegpu,cifar10,93.980000,3.361888,2.183709,4750
9,1,10484,edgegpu,cifar10,93.810000,3.354015,2.183709,4750
9,1,6330,edgegpu,cifar10,94.006670,4.384699,2.183709,4750
9,1,561,edgegpu,cifar10,86.880000,1.451068,2.183709,4750
9,1,14527,edgegpu,cifar10,86.765000,1.439619,2.183709,4750
9,1,15200,edgegpu,cifar10,10.000000,0.501385,2.183709,4750
9,1,1339,edgegpu,cifar10,92.136665,1.751881,2.183709,4750
9,1,6950,edgegpu,cifar10,92.000000,1.738467,2.183709,4750
9,2,11885,edgegpu,cifar100,68.040000,1.776652,2.532647,4750
9,2,1509,edgegpu,cifar100,1.000000,0.505853,2.532647,4750
9,2,1425,edgegpu,cifar100,72.093330,5.310225,2.532647,4750
9,2,9997,edgegpu,cifar100,71.520000,3.466139,2.532647,4750
9,2,2304,edgegpu,cifar100,58.660000,1.440253,2.532647,4750
9,2,8401,edgegpu,cifar100,71.080000,3.302102,2.532647,4750
9,2,3888,edgegpu,cifar100,73.260000,6.797867,2.532647,4750
9,2,8912,edgegpu,cifar100,59.200000,1.441355,2.532647,4750
9,2,12415,edgegpu,cifar100,71.940000,4.828467,2.532647,4750
9,2,9930,edgegpu,cifar100,73.513336,6.803060,2.532647,4750
9,2,4954,edgegpu,cifar100,73.000000,6.669736,2.532647,4750
9,2,9922,edgegpu,cifar100,58.560000,1.428552,2.532647,4750
9,2,2778,edgegpu,cifar100,72.993330,6.134028,2.532647,4750
9,2,4418,edgegpu,cifar100,72.746666,5.352364,2.532647,4750
9,2,11810,edgegpu,cifar100,68.300000,1.779551,2.532647,4750
9,2,6124,edgegpu,cifar100,68.360000,3.185835,2.532647,4750
9,2,1038,edgegpu,cifar100,67.500000,1.758428,2.532647,4750
9,2,3953,edgegpu,cifar100,62.613335,1.757269,2.532647,4750
9,2,11067,edgegpu,cifar100,58.186670,1.427836,2.532647,4750
9,2,14089,edgegpu,cifar100,61.806667,1.752892,2.532647,4750
9,3,15159,edgegpu,ImageNet16-120,45.566666,4.632421,2.029547,4750
9,3,13411,edgegpu,ImageNet16-120,31.855556,1.736240,2.029547,4750
9,3,857,edgegpu,ImageNet16-120,47.311110,6.707663,2.029547,4750
9,3,14840,edgegpu,ImageNet16-120,45.311110,4.224715,2.029547,4750
9,3,454,edgegpu,ImageNet16-120,41.277780,3.303313,2.029547,4750
9,3,9586,edgegpu,ImageNet16-120,46.933334,5.222673,2.029547,4750
9,3,12415,edgegpu,ImageNet16-120,46.566666,4.667692,2.029547,4750
9,3,15288,edgegpu,ImageNet16-120,28.422222,1.417041,2.029547,4750
9,3,6950,edgegpu,ImageNet16-120,38.700000,1.740150,2.029547,4750
9,3,2650,edgegpu,ImageNet16-120,42.433334,3.309817,2.029547,4750
9,3,8426,edgegpu,ImageNet16-120,44.633335,3.370147,2.029547,4750
9,3,15376,edgegpu,ImageNet16-120,0.833333,0.533953,2.029547,4750
9,3,4988,edgegpu,ImageNet16-120,28.933332,1.448212,2.029547,4750
9,3,15383,edgegpu,ImageNet16-120,47.033333,6.262836,2.029547,4750
9,3,8884,edgegpu,ImageNet16-120,45.033333,3.499999,2.029547,4750
9,3,12081,edgegpu,ImageNet16-120,40.233334,2.730479,2.029547,4750
9,3,5751,edgegpu,ImageNet16-120,40.044445,2.434626,2.029547,4750
9,3,4160,edgegpu,ImageNet16-120,39.833332,1.756272,2.029547,4750
9,3,13760,edgegpu,ImageNet16-120,32.333332,1.739759,2.029547,4750
9,3,9722,edgegpu,ImageNet16-120,44.000000,3.327813,2.029547,4750
10,1,5780,edgegpu,cifar10,93.980000,3.361888,1.959751,4750
10,1,10484,edgegpu,cifar10,93.810000,3.354015,1.959751,4750
10,1,11810,edgegpu,cifar10,92.780000,1.992798,1.959751,4750
10,1,2053,edgegpu,cifar10,94.206665,5.482254,1.959751,4750
10,1,5292,edgegpu,cifar10,94.293335,6.663151,1.959751,4750
10,1,15200,edgegpu,cifar10,10.000000,0.501385,1.959751,4750
10,1,6330,edgegpu,cifar10,94.006670,4.384699,1.959751,4750
10,1,13401,edgegpu,cifar10,87.010000,1.457009,1.959751,4750
10,1,13714,edgegpu,cifar10,94.373340,6.772180,1.959751,4750
10,1,1459,edgegpu,cifar10,94.296670,6.748991,1.959751,4750
10,1,11692,edgegpu,cifar10,94.130000,4.708362,1.959751,4750
10,1,258,edgegpu,cifar10,93.640000,3.307109,1.959751,4750
10,1,5400,edgegpu,cifar10,86.630000,1.427460,1.959751,4750
10,1,2776,edgegpu,cifar10,93.666664,3.331194,1.959751,4750
10,1,1339,edgegpu,cifar10,92.136665,1.751881,1.959751,4750
10,1,11438,edgegpu,cifar10,92.500000,1.846719,1.959751,4750
10,1,6960,edgegpu,cifar10,92.280000,1.764450,1.959751,4750
10,1,561,edgegpu,cifar10,86.880000,1.451068,1.959751,4750
10,1,14527,edgegpu,cifar10,86.765000,1.439619,1.959751,4750
10,1,6950,edgegpu,cifar10,92.000000,1.738467,1.959751,4750
10,2,11810,edgegpu,cifar100,68.300000,1.779551,2.694144,4750
10,2,4954,edgegpu,cifar100,73.000000,6.669736,2.694144,4750
10,2,1509,edgegpu,cifar100,1.000000,0.505853,2.694144,4750
10,2,4418,edgegpu,cifar100,72.746666,5.352364,2.694144,4750
10,2,9930,edgegpu,cifar100,73.513336,6.803060,2.694144,4750
10,2,2778,edgegpu,cifar100,72.993330,6.134028,2.694144,4750
10,2,9922,edgegpu,cifar100,58.560000,1.428552,2.694144,4750
10,2,12415,edgegpu,cifar100,71.940000,4.828467,2.694144,4750
10,2,8401,edgegpu,cifar100,71.080000,3.302102,2.694144,4750
10,2,3888,edgegpu,cifar100,73.260000,6.797867,2.694144,4750
10,2,1038,edgegpu,cifar100,67.500000,1.758428,2.694144,4750
10,2,8912,edgegpu,cifar100,59.200000,1.441355,2.694144,4750
10,2,11885,edgegpu,cifar100,68.040000,1.776652,2.694144,4750
10,2,9997,edgegpu,cifar100,71.520000,3.466139,2.694144,4750
10,2,2304,edgegpu,cifar100,58.660000,1.440253,2.694144,4750
10,2,6124,edgegpu,cifar100,68.360000,3.185835,2.694144,4750
10,2,11067,edgegpu,cifar100,58.186670,1.427836,2.694144,4750
10,2,1425,edgegpu,cifar100,72.093330,5.310225,2.694144,4750
10,2,14089,edgegpu,cifar100,61.806667,1.752892,2.694144,4750
10,2,13172,edgegpu,cifar100,62.180000,1.757636,2.694144,4750
10,3,15159,edgegpu,ImageNet16-120,45.566666,4.632421,2.069724,4750
10,3,9586,edgegpu,ImageNet16-120,46.933334,5.222673,2.069724,4750
10,3,8884,edgegpu,ImageNet16-120,45.033333,3.499999,2.069724,4750
10,3,454,edgegpu,ImageNet16-120,41.277780,3.303313,2.069724,4750
10,3,12415,edgegpu,ImageNet16-120,46.566666,4.667692,2.069724,4750
10,3,5751,edgegpu,ImageNet16-120,40.044445,2.434626,2.069724,4750
10,3,15376,edgegpu,ImageNet16-120,0.833333,0.533953,2.069724,4750
10,3,4988,edgegpu,ImageNet16-120,28.933332,1.448212,2.069724,4750
10,3,15383,edgegpu,ImageNet16-120,47.033333,6.262836,2.069724,4750
10,3,10947,edgegpu,ImageNet16-120,39.944443,1.909800,2.069724,4750
10,3,6950,edgegpu,ImageNet16-120,38.700000,1.740150,2.069724,4750
10,3,15288,edgegpu,ImageNet16-120,28.422222,1.417041,2.069724,4750
10,3,2650,edgegpu,ImageNet16-120,42.433334,3.309817,2.069724,4750
10,3,10835,edgegpu,ImageNet16-120,45.233334,4.434366,2.069724,4750
10,3,8426,edgegpu,ImageNet16-120,44.633335,3.370147,2.069724,4750
10,3,857,edgegpu,ImageNet16-120,47.311110,6.707663,2.069724,4750
10,3,13760,edgegpu,ImageNet16-120,32.333332,1.739759,2.069724,4750
10,3,11217,edgegpu,ImageNet16-120,43.466667,3.316708,2.069724,4750
10,3,9722,edgegpu,ImageNet16-120,44.000000,3.327813,2.069724,4750
10,3,4160,edgegpu,ImageNet16-120,39.833332,1.756272,2.069724,4750
